[2025-09-15 18:38:33.758] [INFO] Spy network established with 3 SpySystems
[2025-09-15 18:38:33.760] [WARNING] Cannot create wire: system not found. Start: ref_sys_A, End: spy_sys_1
[2025-09-15 18:38:33.760] [WARNING] Cannot create wire: system not found. Start: spy_sys_1, End: spy_sys_2
[2025-09-15 18:38:33.760] [WARNING] Cannot create wire: system not found. Start: spy_sys_2, End: spy_sys_3
[2025-09-15 18:38:33.760] [WARNING] Cannot create wire: system not found. Start: spy_sys_3, End: ref_sys_B
[2025-09-15 18:38:33.760] [WARNING] Cannot create wire: system not found. Start: ref_sys_A, End: vpn_sys
[2025-09-15 18:38:33.760] [WARNING] Cannot create wire: system not found. Start: vpn_sys, End: ref_sys_B
[2025-09-15 18:38:33.760] [INFO] Loaded 0 wires from level data
[2025-09-15 18:38:33.760] [INFO] Wire callbacks set up for 0 wires
[2025-09-15 18:38:36.202] [INFO] FPS: 119 | UPS: 199
[2025-09-15 18:38:37.200] [INFO] FPS: 120 | UPS: 200
[2025-09-15 18:38:38.200] [INFO] FPS: 120 | UPS: 200
[2025-09-15 18:38:39.200] [INFO] FPS: 120 | UPS: 200
[2025-09-15 18:38:39.797] [INFO] Wire created with length: 390m. Total used: 390m
[2025-09-15 18:38:39.798] [INFO] Wire created successfully
[2025-09-15 18:38:40.200] [INFO] FPS: 120 | UPS: 200
[2025-09-15 18:38:41.200] [INFO] FPS: 120 | UPS: 200
[2025-09-15 18:38:42.200] [INFO] FPS: 120 | UPS: 200
[2025-09-15 18:38:43.200] [INFO] FPS: 120 | UPS: 200
[2025-09-15 18:38:44.200] [INFO] FPS: 120 | UPS: 200
[2025-09-15 18:38:45.200] [INFO] FPS: 120 | UPS: 200
[2025-09-15 18:38:45.446] [INFO] === MANUAL PACKET SPAWN REQUESTED ===
[2025-09-15 18:38:45.447] [INFO] Found available spawner: dev.aminhashemi.blueprinthell.model.entities.systems.ReferenceSystem@14510e54 with connected outputs
[2025-09-15 18:38:45.447] [INFO] Available spawners: 1
[2025-09-15 18:38:45.447] [INFO] Selected spawner: dev.aminhashemi.blueprinthell.model.entities.systems.ReferenceSystem@14510e54
[2025-09-15 18:38:45.447] [INFO] Connected outputs: 1
[2025-09-15 18:38:45.447] [INFO] Selected port: SQUARE
[2025-09-15 18:38:45.452] [INFO] Packet SQUARE_MESSENGER spawned with spawn protection. Total packets: 1
[2025-09-15 18:38:45.452] [INFO] Packet path has 2 points
[2025-09-15 18:38:45.452] [INFO] === PACKET SPAWNED: SQUARE_MESSENGER ===
[2025-09-15 18:38:45.452] [INFO] Spawn cooldown active - skipping spawn request
[2025-09-15 18:38:46.200] [INFO] FPS: 120 | UPS: 200
[2025-09-15 18:38:46.350] [INFO] === MANUAL PACKET SPAWN REQUESTED ===
[2025-09-15 18:38:46.350] [INFO] Found available spawner: dev.aminhashemi.blueprinthell.model.entities.systems.ReferenceSystem@14510e54 with connected outputs
[2025-09-15 18:38:46.350] [INFO] Available spawners: 1
[2025-09-15 18:38:46.350] [INFO] Selected spawner: dev.aminhashemi.blueprinthell.model.entities.systems.ReferenceSystem@14510e54
[2025-09-15 18:38:46.350] [INFO] Connected outputs: 1
[2025-09-15 18:38:46.350] [INFO] Selected port: SQUARE
[2025-09-15 18:38:46.350] [INFO] Packet SQUARE_MESSENGER spawned with spawn protection. Total packets: 2
[2025-09-15 18:38:46.350] [INFO] Packet path has 2 points
[2025-09-15 18:38:46.350] [INFO] === PACKET SPAWNED: SQUARE_MESSENGER ===
[2025-09-15 18:38:46.350] [INFO] Spawn cooldown active - skipping spawn request
[2025-09-15 18:38:46.430] [INFO] Packet SQUARE_MESSENGER arrived at destination system
[2025-09-15 18:38:46.431] [INFO] Packet SQUARE_MESSENGER entered SpySystem at (600, 200)
[2025-09-15 18:38:46.437] [INFO] Packet teleported from SpySystem (600, 200) to (750, 400)
[2025-09-15 18:38:46.437] [INFO] Coins added: +2. Total coins: 2
[2025-09-15 18:38:46.438] [INFO] Packet SQUARE_MESSENGER is stuck. No outgoing wires.
[2025-09-15 18:38:46.438] [INFO] Packet SQUARE_MESSENGER reached intermediate system - no coins added.
[2025-09-15 18:38:47.204] [INFO] FPS: 120 | UPS: 199
[2025-09-15 18:38:47.332] [INFO] Packet SQUARE_MESSENGER arrived at destination system
[2025-09-15 18:38:47.332] [INFO] Packet SQUARE_MESSENGER entered SpySystem at (600, 200)
[2025-09-15 18:38:47.332] [INFO] Packet teleported from SpySystem (600, 200) to (300, 300)
[2025-09-15 18:38:47.332] [INFO] Coins added: +2. Total coins: 4
[2025-09-15 18:38:47.333] [INFO] Packet SQUARE_MESSENGER is stuck. No outgoing wires.
[2025-09-15 18:38:47.333] [INFO] Packet SQUARE_MESSENGER reached intermediate system - no coins added.
[2025-09-15 18:38:48.205] [INFO] FPS: 98 | UPS: 153
[2025-09-15 18:38:48.531] [INFO] === MANUAL PACKET SPAWN REQUESTED ===
[2025-09-15 18:38:48.532] [INFO] Found available spawner: dev.aminhashemi.blueprinthell.model.entities.systems.ReferenceSystem@14510e54 with connected outputs
[2025-09-15 18:38:48.532] [INFO] Available spawners: 1
[2025-09-15 18:38:48.532] [INFO] Selected spawner: dev.aminhashemi.blueprinthell.model.entities.systems.ReferenceSystem@14510e54
[2025-09-15 18:38:48.532] [INFO] Connected outputs: 1
[2025-09-15 18:38:48.532] [INFO] Selected port: SQUARE
[2025-09-15 18:38:48.532] [INFO] Packet SQUARE_MESSENGER spawned with spawn protection. Total packets: 1
[2025-09-15 18:38:48.532] [INFO] Packet path has 2 points
[2025-09-15 18:38:48.532] [INFO] === PACKET SPAWNED: SQUARE_MESSENGER ===
[2025-09-15 18:38:48.532] [INFO] Spawn cooldown active - skipping spawn request
[2025-09-15 18:38:48.833] [INFO] Game state cleared
[2025-09-15 18:38:48.843] [INFO] SpySystem at (300, 300) is now active
[2025-09-15 18:38:48.843] [INFO] SpySystem at (600, 200) is now active
[2025-09-15 18:38:48.843] [INFO] SpySystem at (750, 400) is now active
[2025-09-15 18:38:49.205] [INFO] FPS: 143 | UPS: 249
[2025-09-15 18:38:49.775] [INFO] Game state cleared
[2025-09-15 18:38:49.775] [INFO] SpySystem at (300, 300) is now active
[2025-09-15 18:38:49.775] [INFO] SpySystem at (600, 200) is now active
[2025-09-15 18:38:49.775] [INFO] SpySystem at (750, 400) is now active
[2025-09-15 18:38:49.875] [INFO] Game state cleared
[2025-09-15 18:38:49.875] [INFO] SpySystem at (300, 300) is now active
[2025-09-15 18:38:49.875] [INFO] SpySystem at (600, 200) is now active
[2025-09-15 18:38:49.875] [INFO] SpySystem at (750, 400) is now active
[2025-09-15 18:38:49.975] [INFO] Game state cleared
[2025-09-15 18:38:49.975] [INFO] SpySystem at (300, 300) is now active
[2025-09-15 18:38:49.975] [INFO] SpySystem at (600, 200) is now active
[2025-09-15 18:38:49.975] [INFO] SpySystem at (750, 400) is now active
[2025-09-15 18:38:50.205] [INFO] FPS: 120 | UPS: 200
[2025-09-15 18:38:50.675] [INFO] Game state cleared
[2025-09-15 18:38:50.675] [INFO] SpySystem at (300, 300) is now active
[2025-09-15 18:38:50.675] [INFO] SpySystem at (600, 200) is now active
[2025-09-15 18:38:50.675] [INFO] SpySystem at (750, 400) is now active
[2025-09-15 18:38:50.775] [INFO] Game state cleared
[2025-09-15 18:38:50.775] [INFO] SpySystem at (300, 300) is now active
[2025-09-15 18:38:50.775] [INFO] SpySystem at (600, 200) is now active
[2025-09-15 18:38:50.775] [INFO] SpySystem at (750, 400) is now active
[2025-09-15 18:38:51.205] [INFO] FPS: 120 | UPS: 200
[2025-09-15 18:38:51.395] [INFO] Game state cleared
[2025-09-15 18:38:51.395] [INFO] SpySystem at (300, 300) is now active
[2025-09-15 18:38:51.395] [INFO] SpySystem at (600, 200) is now active
[2025-09-15 18:38:51.395] [INFO] SpySystem at (750, 400) is now active
[2025-09-15 18:38:51.495] [INFO] Game state cleared
[2025-09-15 18:38:51.495] [INFO] SpySystem at (300, 300) is now active
[2025-09-15 18:38:51.495] [INFO] SpySystem at (600, 200) is now active
[2025-09-15 18:38:51.495] [INFO] SpySystem at (750, 400) is now active
[2025-09-15 18:38:51.925] [INFO] Game state cleared
[2025-09-15 18:38:51.925] [INFO] SpySystem at (300, 300) is now active
[2025-09-15 18:38:51.925] [INFO] SpySystem at (600, 200) is now active
[2025-09-15 18:38:51.925] [INFO] SpySystem at (750, 400) is now active
[2025-09-15 18:38:52.090] [INFO] Game state cleared
[2025-09-15 18:38:52.090] [INFO] SpySystem at (300, 300) is now active
[2025-09-15 18:38:52.090] [INFO] SpySystem at (600, 200) is now active
[2025-09-15 18:38:52.090] [INFO] SpySystem at (750, 400) is now active
[2025-09-15 18:38:52.190] [INFO] Game state cleared
[2025-09-15 18:38:52.190] [INFO] SpySystem at (300, 300) is now active
[2025-09-15 18:38:52.190] [INFO] SpySystem at (600, 200) is now active
[2025-09-15 18:38:52.190] [INFO] SpySystem at (750, 400) is now active
[2025-09-15 18:38:52.205] [INFO] FPS: 120 | UPS: 200
[2025-09-15 18:38:52.290] [INFO] Game state cleared
[2025-09-15 18:38:52.290] [INFO] SpySystem at (300, 300) is now active
[2025-09-15 18:38:52.290] [INFO] SpySystem at (600, 200) is now active
[2025-09-15 18:38:52.290] [INFO] SpySystem at (750, 400) is now active
[2025-09-15 18:38:52.390] [INFO] Game state cleared
[2025-09-15 18:38:52.390] [INFO] SpySystem at (300, 300) is now active
[2025-09-15 18:38:52.390] [INFO] SpySystem at (600, 200) is now active
[2025-09-15 18:38:52.390] [INFO] SpySystem at (750, 400) is now active
[2025-09-15 18:38:52.490] [INFO] Game state cleared
[2025-09-15 18:38:52.490] [INFO] SpySystem at (300, 300) is now active
[2025-09-15 18:38:52.490] [INFO] SpySystem at (600, 200) is now active
[2025-09-15 18:38:52.490] [INFO] SpySystem at (750, 400) is now active
[2025-09-15 18:38:52.590] [INFO] Game state cleared
[2025-09-15 18:38:52.590] [INFO] SpySystem at (300, 300) is now active
[2025-09-15 18:38:52.590] [INFO] SpySystem at (600, 200) is now active
[2025-09-15 18:38:52.590] [INFO] SpySystem at (750, 400) is now active
[2025-09-15 18:38:52.690] [INFO] Game state cleared
[2025-09-15 18:38:52.690] [INFO] SpySystem at (300, 300) is now active
[2025-09-15 18:38:52.690] [INFO] SpySystem at (600, 200) is now active
[2025-09-15 18:38:52.690] [INFO] SpySystem at (750, 400) is now active
[2025-09-15 18:38:52.790] [INFO] Game state cleared
[2025-09-15 18:38:52.790] [INFO] SpySystem at (300, 300) is now active
[2025-09-15 18:38:52.790] [INFO] SpySystem at (600, 200) is now active
[2025-09-15 18:38:52.790] [INFO] SpySystem at (750, 400) is now active
[2025-09-15 18:38:52.890] [INFO] Game state cleared
[2025-09-15 18:38:52.890] [INFO] SpySystem at (300, 300) is now active
[2025-09-15 18:38:52.890] [INFO] SpySystem at (600, 200) is now active
[2025-09-15 18:38:52.890] [INFO] SpySystem at (750, 400) is now active
[2025-09-15 18:38:52.990] [INFO] Game state cleared
[2025-09-15 18:38:52.990] [INFO] SpySystem at (300, 300) is now active
[2025-09-15 18:38:52.990] [INFO] SpySystem at (600, 200) is now active
[2025-09-15 18:38:52.990] [INFO] SpySystem at (750, 400) is now active
[2025-09-15 18:38:53.090] [INFO] Game state cleared
[2025-09-15 18:38:53.090] [INFO] SpySystem at (300, 300) is now active
[2025-09-15 18:38:53.090] [INFO] SpySystem at (600, 200) is now active
[2025-09-15 18:38:53.090] [INFO] SpySystem at (750, 400) is now active
[2025-09-15 18:38:53.190] [INFO] Game state cleared
[2025-09-15 18:38:53.190] [INFO] SpySystem at (300, 300) is now active
[2025-09-15 18:38:53.190] [INFO] SpySystem at (600, 200) is now active
[2025-09-15 18:38:53.190] [INFO] SpySystem at (750, 400) is now active
[2025-09-15 18:38:53.205] [INFO] FPS: 120 | UPS: 200
[2025-09-15 18:38:53.290] [INFO] Game state cleared
[2025-09-15 18:38:53.290] [INFO] SpySystem at (300, 300) is now active
[2025-09-15 18:38:53.290] [INFO] SpySystem at (600, 200) is now active
[2025-09-15 18:38:53.290] [INFO] SpySystem at (750, 400) is now active
[2025-09-15 18:38:53.390] [INFO] Game state cleared
[2025-09-15 18:38:53.390] [INFO] SpySystem at (300, 300) is now active
[2025-09-15 18:38:53.390] [INFO] SpySystem at (600, 200) is now active
[2025-09-15 18:38:53.390] [INFO] SpySystem at (750, 400) is now active
[2025-09-15 18:38:53.490] [INFO] Game state cleared
[2025-09-15 18:38:53.490] [INFO] SpySystem at (300, 300) is now active
[2025-09-15 18:38:53.490] [INFO] SpySystem at (600, 200) is now active
[2025-09-15 18:38:53.490] [INFO] SpySystem at (750, 400) is now active
[2025-09-15 18:38:53.590] [INFO] Game state cleared
[2025-09-15 18:38:53.590] [INFO] SpySystem at (300, 300) is now active
[2025-09-15 18:38:53.590] [INFO] SpySystem at (600, 200) is now active
[2025-09-15 18:38:53.590] [INFO] SpySystem at (750, 400) is now active
[2025-09-15 18:38:53.695] [INFO] Game state cleared
[2025-09-15 18:38:53.695] [INFO] SpySystem at (300, 300) is now active
[2025-09-15 18:38:53.695] [INFO] SpySystem at (600, 200) is now active
[2025-09-15 18:38:53.695] [INFO] SpySystem at (750, 400) is now active
[2025-09-15 18:38:53.795] [INFO] Game state cleared
[2025-09-15 18:38:53.795] [INFO] SpySystem at (300, 300) is now active
[2025-09-15 18:38:53.795] [INFO] SpySystem at (600, 200) is now active
[2025-09-15 18:38:53.795] [INFO] SpySystem at (750, 400) is now active
[2025-09-15 18:38:53.895] [INFO] Game state cleared
[2025-09-15 18:38:53.895] [INFO] SpySystem at (300, 300) is now active
[2025-09-15 18:38:53.895] [INFO] SpySystem at (600, 200) is now active
[2025-09-15 18:38:53.895] [INFO] SpySystem at (750, 400) is now active
[2025-09-15 18:38:53.997] [INFO] Game state cleared
[2025-09-15 18:38:53.998] [INFO] SpySystem at (300, 300) is now active
[2025-09-15 18:38:53.998] [INFO] SpySystem at (600, 200) is now active
[2025-09-15 18:38:53.998] [INFO] SpySystem at (750, 400) is now active
[2025-09-15 18:38:54.100] [INFO] Game state cleared
[2025-09-15 18:38:54.100] [INFO] SpySystem at (300, 300) is now active
[2025-09-15 18:38:54.100] [INFO] SpySystem at (600, 200) is now active
[2025-09-15 18:38:54.100] [INFO] SpySystem at (750, 400) is now active
[2025-09-15 18:38:54.200] [INFO] Game state cleared
[2025-09-15 18:38:54.200] [INFO] SpySystem at (300, 300) is now active
[2025-09-15 18:38:54.200] [INFO] SpySystem at (600, 200) is now active
[2025-09-15 18:38:54.200] [INFO] SpySystem at (750, 400) is now active
[2025-09-15 18:38:54.205] [INFO] FPS: 120 | UPS: 201
[2025-09-15 18:38:54.639] [INFO] Game state cleared
[2025-09-15 18:38:54.640] [INFO] SpySystem at (300, 300) is now active
[2025-09-15 18:38:54.640] [INFO] SpySystem at (600, 200) is now active
[2025-09-15 18:38:54.640] [INFO] SpySystem at (750, 400) is now active
[2025-09-15 18:38:54.739] [INFO] Game state cleared
[2025-09-15 18:38:54.740] [INFO] SpySystem at (300, 300) is now active
[2025-09-15 18:38:54.740] [INFO] SpySystem at (600, 200) is now active
[2025-09-15 18:38:54.740] [INFO] SpySystem at (750, 400) is now active
[2025-09-15 18:38:54.839] [INFO] Game state cleared
[2025-09-15 18:38:54.840] [INFO] SpySystem at (300, 300) is now active
[2025-09-15 18:38:54.840] [INFO] SpySystem at (600, 200) is now active
[2025-09-15 18:38:54.840] [INFO] SpySystem at (750, 400) is now active
[2025-09-15 18:38:54.939] [INFO] Game state cleared
[2025-09-15 18:38:54.940] [INFO] SpySystem at (300, 300) is now active
[2025-09-15 18:38:54.940] [INFO] SpySystem at (600, 200) is now active
[2025-09-15 18:38:54.940] [INFO] SpySystem at (750, 400) is now active
[2025-09-15 18:38:55.040] [INFO] Game state cleared
[2025-09-15 18:38:55.040] [INFO] SpySystem at (300, 300) is now active
[2025-09-15 18:38:55.040] [INFO] SpySystem at (600, 200) is now active
[2025-09-15 18:38:55.040] [INFO] SpySystem at (750, 400) is now active
[2025-09-15 18:38:55.140] [INFO] Game state cleared
[2025-09-15 18:38:55.140] [INFO] SpySystem at (300, 300) is now active
[2025-09-15 18:38:55.140] [INFO] SpySystem at (600, 200) is now active
[2025-09-15 18:38:55.140] [INFO] SpySystem at (750, 400) is now active
[2025-09-15 18:38:55.205] [INFO] FPS: 120 | UPS: 199
[2025-09-15 18:38:55.245] [INFO] Game state cleared
[2025-09-15 18:38:55.246] [INFO] SpySystem at (300, 300) is now active
[2025-09-15 18:38:55.246] [INFO] SpySystem at (600, 200) is now active
[2025-09-15 18:38:55.246] [INFO] SpySystem at (750, 400) is now active
[2025-09-15 18:38:55.365] [INFO] Game state cleared
[2025-09-15 18:38:55.444] [INFO] SpySystem at (300, 300) is now active
[2025-09-15 18:38:55.450] [INFO] SpySystem at (600, 200) is now active
[2025-09-15 18:38:55.455] [INFO] SpySystem at (750, 400) is now active
[2025-09-15 18:38:55.466] [INFO] Game state cleared
[2025-09-15 18:38:55.467] [INFO] SpySystem at (300, 300) is now active
[2025-09-15 18:38:55.468] [INFO] SpySystem at (600, 200) is now active
[2025-09-15 18:38:55.468] [INFO] SpySystem at (750, 400) is now active
[2025-09-15 18:38:55.570] [INFO] Game state cleared
[2025-09-15 18:38:55.570] [INFO] SpySystem at (300, 300) is now active
[2025-09-15 18:38:55.570] [INFO] SpySystem at (600, 200) is now active
[2025-09-15 18:38:55.570] [INFO] SpySystem at (750, 400) is now active
[2025-09-15 18:38:55.674] [INFO] Game state cleared
[2025-09-15 18:38:55.675] [INFO] SpySystem at (300, 300) is now active
[2025-09-15 18:38:55.675] [INFO] SpySystem at (600, 200) is now active
[2025-09-15 18:38:55.675] [INFO] SpySystem at (750, 400) is now active
[2025-09-15 18:38:55.774] [INFO] Game state cleared
[2025-09-15 18:38:55.775] [INFO] SpySystem at (300, 300) is now active
[2025-09-15 18:38:55.775] [INFO] SpySystem at (600, 200) is now active
[2025-09-15 18:38:55.775] [INFO] SpySystem at (750, 400) is now active
[2025-09-15 18:38:55.874] [INFO] Game state cleared
[2025-09-15 18:38:55.875] [INFO] SpySystem at (300, 300) is now active
[2025-09-15 18:38:55.875] [INFO] SpySystem at (600, 200) is now active
[2025-09-15 18:38:55.875] [INFO] SpySystem at (750, 400) is now active
[2025-09-15 18:38:55.974] [INFO] Game state cleared
[2025-09-15 18:38:55.975] [INFO] SpySystem at (300, 300) is now active
[2025-09-15 18:38:55.975] [INFO] SpySystem at (600, 200) is now active
[2025-09-15 18:38:55.975] [INFO] SpySystem at (750, 400) is now active
[2025-09-15 18:38:56.074] [INFO] Game state cleared
[2025-09-15 18:38:56.075] [INFO] SpySystem at (300, 300) is now active
[2025-09-15 18:38:56.075] [INFO] SpySystem at (600, 200) is now active
[2025-09-15 18:38:56.075] [INFO] SpySystem at (750, 400) is now active
[2025-09-15 18:38:56.174] [INFO] Game state cleared
[2025-09-15 18:38:56.175] [INFO] SpySystem at (300, 300) is now active
[2025-09-15 18:38:56.175] [INFO] SpySystem at (600, 200) is now active
[2025-09-15 18:38:56.175] [INFO] SpySystem at (750, 400) is now active
[2025-09-15 18:38:56.205] [INFO] FPS: 120 | UPS: 201
[2025-09-15 18:38:56.275] [INFO] Game state cleared
[2025-09-15 18:38:56.275] [INFO] SpySystem at (300, 300) is now active
[2025-09-15 18:38:56.275] [INFO] SpySystem at (600, 200) is now active
[2025-09-15 18:38:56.276] [INFO] SpySystem at (750, 400) is now active
[2025-09-15 18:38:56.374] [INFO] Game state cleared
[2025-09-15 18:38:56.375] [INFO] SpySystem at (300, 300) is now active
[2025-09-15 18:38:56.375] [INFO] SpySystem at (600, 200) is now active
[2025-09-15 18:38:56.375] [INFO] SpySystem at (750, 400) is now active
[2025-09-15 18:38:56.474] [INFO] Game state cleared
[2025-09-15 18:38:56.475] [INFO] SpySystem at (300, 300) is now active
[2025-09-15 18:38:56.475] [INFO] SpySystem at (600, 200) is now active
[2025-09-15 18:38:56.475] [INFO] SpySystem at (750, 400) is now active
[2025-09-15 18:38:56.574] [INFO] Game state cleared
[2025-09-15 18:38:56.575] [INFO] SpySystem at (300, 300) is now active
[2025-09-15 18:38:56.575] [INFO] SpySystem at (600, 200) is now active
[2025-09-15 18:38:56.575] [INFO] SpySystem at (750, 400) is now active
[2025-09-15 18:38:56.674] [INFO] Game state cleared
[2025-09-15 18:38:56.675] [INFO] SpySystem at (300, 300) is now active
[2025-09-15 18:38:56.675] [INFO] SpySystem at (600, 200) is now active
[2025-09-15 18:38:56.675] [INFO] SpySystem at (750, 400) is now active
[2025-09-15 18:38:56.774] [INFO] Game state cleared
[2025-09-15 18:38:56.775] [INFO] SpySystem at (300, 300) is now active
[2025-09-15 18:38:56.775] [INFO] SpySystem at (600, 200) is now active
[2025-09-15 18:38:56.775] [INFO] SpySystem at (750, 400) is now active
[2025-09-15 18:38:56.875] [INFO] Game state cleared
[2025-09-15 18:38:56.875] [INFO] SpySystem at (300, 300) is now active
[2025-09-15 18:38:56.875] [INFO] SpySystem at (600, 200) is now active
[2025-09-15 18:38:56.875] [INFO] SpySystem at (750, 400) is now active
[2025-09-15 18:38:56.974] [INFO] Game state cleared
[2025-09-15 18:38:56.975] [INFO] SpySystem at (300, 300) is now active
[2025-09-15 18:38:56.975] [INFO] SpySystem at (600, 200) is now active
[2025-09-15 18:38:56.975] [INFO] SpySystem at (750, 400) is now active
[2025-09-15 18:38:57.074] [INFO] Game state cleared
[2025-09-15 18:38:57.075] [INFO] SpySystem at (300, 300) is now active
[2025-09-15 18:38:57.075] [INFO] SpySystem at (600, 200) is now active
[2025-09-15 18:38:57.075] [INFO] SpySystem at (750, 400) is now active
[2025-09-15 18:38:57.174] [INFO] Game state cleared
[2025-09-15 18:38:57.175] [INFO] SpySystem at (300, 300) is now active
[2025-09-15 18:38:57.175] [INFO] SpySystem at (600, 200) is now active
[2025-09-15 18:38:57.175] [INFO] SpySystem at (750, 400) is now active
[2025-09-15 18:38:57.205] [INFO] FPS: 120 | UPS: 200
[2025-09-15 18:38:57.274] [INFO] Game state cleared
[2025-09-15 18:38:57.275] [INFO] SpySystem at (300, 300) is now active
[2025-09-15 18:38:57.275] [INFO] SpySystem at (600, 200) is now active
[2025-09-15 18:38:57.275] [INFO] SpySystem at (750, 400) is now active
[2025-09-15 18:38:57.374] [INFO] Game state cleared
[2025-09-15 18:38:57.375] [INFO] SpySystem at (300, 300) is now active
[2025-09-15 18:38:57.375] [INFO] SpySystem at (600, 200) is now active
[2025-09-15 18:38:57.375] [INFO] SpySystem at (750, 400) is now active
[2025-09-15 18:38:57.474] [INFO] Game state cleared
[2025-09-15 18:38:57.475] [INFO] SpySystem at (300, 300) is now active
[2025-09-15 18:38:57.475] [INFO] SpySystem at (600, 200) is now active
[2025-09-15 18:38:57.475] [INFO] SpySystem at (750, 400) is now active
[2025-09-15 18:38:57.574] [INFO] Game state cleared
[2025-09-15 18:38:57.575] [INFO] SpySystem at (300, 300) is now active
[2025-09-15 18:38:57.575] [INFO] SpySystem at (600, 200) is now active
[2025-09-15 18:38:57.575] [INFO] SpySystem at (750, 400) is now active
[2025-09-15 18:38:57.674] [INFO] Game state cleared
[2025-09-15 18:38:57.675] [INFO] SpySystem at (300, 300) is now active
[2025-09-15 18:38:57.675] [INFO] SpySystem at (600, 200) is now active
[2025-09-15 18:38:57.675] [INFO] SpySystem at (750, 400) is now active
[2025-09-15 18:38:57.774] [INFO] Game state cleared
[2025-09-15 18:38:57.775] [INFO] SpySystem at (300, 300) is now active
[2025-09-15 18:38:57.775] [INFO] SpySystem at (600, 200) is now active
[2025-09-15 18:38:57.775] [INFO] SpySystem at (750, 400) is now active
[2025-09-15 18:38:57.874] [INFO] Game state cleared
[2025-09-15 18:38:57.875] [INFO] SpySystem at (300, 300) is now active
[2025-09-15 18:38:57.875] [INFO] SpySystem at (600, 200) is now active
[2025-09-15 18:38:57.875] [INFO] SpySystem at (750, 400) is now active
[2025-09-15 18:38:57.974] [INFO] Game state cleared
[2025-09-15 18:38:57.975] [INFO] SpySystem at (300, 300) is now active
[2025-09-15 18:38:57.975] [INFO] SpySystem at (600, 200) is now active
[2025-09-15 18:38:57.975] [INFO] SpySystem at (750, 400) is now active
[2025-09-15 18:38:58.074] [INFO] Game state cleared
[2025-09-15 18:38:58.075] [INFO] SpySystem at (300, 300) is now active
[2025-09-15 18:38:58.075] [INFO] SpySystem at (600, 200) is now active
[2025-09-15 18:38:58.075] [INFO] SpySystem at (750, 400) is now active
[2025-09-15 18:38:58.174] [INFO] Game state cleared
[2025-09-15 18:38:58.175] [INFO] SpySystem at (300, 300) is now active
[2025-09-15 18:38:58.175] [INFO] SpySystem at (600, 200) is now active
[2025-09-15 18:38:58.175] [INFO] SpySystem at (750, 400) is now active
[2025-09-15 18:38:58.205] [INFO] FPS: 120 | UPS: 200
[2025-09-15 18:38:58.275] [INFO] Game state cleared
[2025-09-15 18:38:58.275] [INFO] SpySystem at (300, 300) is now active
[2025-09-15 18:38:58.275] [INFO] SpySystem at (600, 200) is now active
[2025-09-15 18:38:58.275] [INFO] SpySystem at (750, 400) is now active
[2025-09-15 18:38:58.374] [INFO] Game state cleared
[2025-09-15 18:38:58.375] [INFO] SpySystem at (300, 300) is now active
[2025-09-15 18:38:58.375] [INFO] SpySystem at (600, 200) is now active
[2025-09-15 18:38:58.375] [INFO] SpySystem at (750, 400) is now active
[2025-09-15 18:38:58.474] [INFO] Game state cleared
[2025-09-15 18:38:58.475] [INFO] SpySystem at (300, 300) is now active
[2025-09-15 18:38:58.475] [INFO] SpySystem at (600, 200) is now active
[2025-09-15 18:38:58.475] [INFO] SpySystem at (750, 400) is now active
[2025-09-15 18:38:58.574] [INFO] Game state cleared
[2025-09-15 18:38:58.575] [INFO] SpySystem at (300, 300) is now active
[2025-09-15 18:38:58.575] [INFO] SpySystem at (600, 200) is now active
[2025-09-15 18:38:58.575] [INFO] SpySystem at (750, 400) is now active
[2025-09-15 18:38:58.674] [INFO] Game state cleared
[2025-09-15 18:38:58.675] [INFO] SpySystem at (300, 300) is now active
[2025-09-15 18:38:58.675] [INFO] SpySystem at (600, 200) is now active
[2025-09-15 18:38:58.675] [INFO] SpySystem at (750, 400) is now active
[2025-09-15 18:38:58.774] [INFO] Game state cleared
[2025-09-15 18:38:58.775] [INFO] SpySystem at (300, 300) is now active
[2025-09-15 18:38:58.775] [INFO] SpySystem at (600, 200) is now active
[2025-09-15 18:38:58.775] [INFO] SpySystem at (750, 400) is now active
[2025-09-15 18:38:58.874] [INFO] Game state cleared
[2025-09-15 18:38:58.875] [INFO] SpySystem at (300, 300) is now active
[2025-09-15 18:38:58.875] [INFO] SpySystem at (600, 200) is now active
[2025-09-15 18:38:58.875] [INFO] SpySystem at (750, 400) is now active
[2025-09-15 18:38:58.974] [INFO] Game state cleared
[2025-09-15 18:38:58.975] [INFO] SpySystem at (300, 300) is now active
[2025-09-15 18:38:58.975] [INFO] SpySystem at (600, 200) is now active
[2025-09-15 18:38:58.975] [INFO] SpySystem at (750, 400) is now active
[2025-09-15 18:38:59.074] [INFO] Game state cleared
[2025-09-15 18:38:59.075] [INFO] SpySystem at (300, 300) is now active
[2025-09-15 18:38:59.075] [INFO] SpySystem at (600, 200) is now active
[2025-09-15 18:38:59.075] [INFO] SpySystem at (750, 400) is now active
[2025-09-15 18:38:59.174] [INFO] Game state cleared
[2025-09-15 18:38:59.175] [INFO] SpySystem at (300, 300) is now active
[2025-09-15 18:38:59.175] [INFO] SpySystem at (600, 200) is now active
[2025-09-15 18:38:59.175] [INFO] SpySystem at (750, 400) is now active
[2025-09-15 18:38:59.205] [INFO] FPS: 120 | UPS: 200
[2025-09-15 18:38:59.274] [INFO] Game state cleared
[2025-09-15 18:38:59.275] [INFO] SpySystem at (300, 300) is now active
[2025-09-15 18:38:59.275] [INFO] SpySystem at (600, 200) is now active
[2025-09-15 18:38:59.275] [INFO] SpySystem at (750, 400) is now active
[2025-09-15 18:38:59.374] [INFO] Game state cleared
[2025-09-15 18:38:59.375] [INFO] SpySystem at (300, 300) is now active
[2025-09-15 18:38:59.375] [INFO] SpySystem at (600, 200) is now active
[2025-09-15 18:38:59.375] [INFO] SpySystem at (750, 400) is now active
[2025-09-15 18:38:59.474] [INFO] Game state cleared
[2025-09-15 18:38:59.475] [INFO] SpySystem at (300, 300) is now active
[2025-09-15 18:38:59.475] [INFO] SpySystem at (600, 200) is now active
[2025-09-15 18:38:59.475] [INFO] SpySystem at (750, 400) is now active
[2025-09-15 18:38:59.574] [INFO] Game state cleared
[2025-09-15 18:38:59.575] [INFO] SpySystem at (300, 300) is now active
[2025-09-15 18:38:59.575] [INFO] SpySystem at (600, 200) is now active
[2025-09-15 18:38:59.575] [INFO] SpySystem at (750, 400) is now active
[2025-09-15 18:38:59.674] [INFO] Game state cleared
[2025-09-15 18:38:59.675] [INFO] SpySystem at (300, 300) is now active
[2025-09-15 18:38:59.675] [INFO] SpySystem at (600, 200) is now active
[2025-09-15 18:38:59.675] [INFO] SpySystem at (750, 400) is now active
[2025-09-15 18:38:59.774] [INFO] Game state cleared
[2025-09-15 18:38:59.775] [INFO] SpySystem at (300, 300) is now active
[2025-09-15 18:38:59.775] [INFO] SpySystem at (600, 200) is now active
[2025-09-15 18:38:59.775] [INFO] SpySystem at (750, 400) is now active
[2025-09-15 18:38:59.874] [INFO] Game state cleared
[2025-09-15 18:38:59.875] [INFO] SpySystem at (300, 300) is now active
[2025-09-15 18:38:59.875] [INFO] SpySystem at (600, 200) is now active
[2025-09-15 18:38:59.875] [INFO] SpySystem at (750, 400) is now active
[2025-09-15 18:38:59.974] [INFO] Game state cleared
[2025-09-15 18:38:59.975] [INFO] SpySystem at (300, 300) is now active
[2025-09-15 18:38:59.975] [INFO] SpySystem at (600, 200) is now active
[2025-09-15 18:38:59.975] [INFO] SpySystem at (750, 400) is now active
[2025-09-15 18:39:00.074] [INFO] Game state cleared
[2025-09-15 18:39:00.075] [INFO] SpySystem at (300, 300) is now active
[2025-09-15 18:39:00.075] [INFO] SpySystem at (600, 200) is now active
[2025-09-15 18:39:00.075] [INFO] SpySystem at (750, 400) is now active
[2025-09-15 18:39:00.174] [INFO] Game state cleared
[2025-09-15 18:39:00.175] [INFO] SpySystem at (300, 300) is now active
[2025-09-15 18:39:00.175] [INFO] SpySystem at (600, 200) is now active
[2025-09-15 18:39:00.175] [INFO] SpySystem at (750, 400) is now active
[2025-09-15 18:39:00.205] [INFO] FPS: 120 | UPS: 200
[2025-09-15 18:39:00.274] [INFO] Game state cleared
[2025-09-15 18:39:00.275] [INFO] SpySystem at (300, 300) is now active
[2025-09-15 18:39:00.275] [INFO] SpySystem at (600, 200) is now active
[2025-09-15 18:39:00.275] [INFO] SpySystem at (750, 400) is now active
[2025-09-15 18:39:00.374] [INFO] Game state cleared
[2025-09-15 18:39:00.375] [INFO] SpySystem at (300, 300) is now active
[2025-09-15 18:39:00.375] [INFO] SpySystem at (600, 200) is now active
[2025-09-15 18:39:00.375] [INFO] SpySystem at (750, 400) is now active
[2025-09-15 18:39:01.205] [INFO] FPS: 120 | UPS: 200
[2025-09-15 18:43:05.275] [INFO] Spy network established with 3 SpySystems
[2025-09-15 18:43:05.282] [WARNING] Cannot create wire: system not found. Start: ref_sys_A, End: spy_sys_1
[2025-09-15 18:43:05.282] [WARNING] Cannot create wire: system not found. Start: spy_sys_1, End: spy_sys_2
[2025-09-15 18:43:05.282] [WARNING] Cannot create wire: system not found. Start: spy_sys_2, End: spy_sys_3
[2025-09-15 18:43:05.282] [WARNING] Cannot create wire: system not found. Start: spy_sys_3, End: ref_sys_B
[2025-09-15 18:43:05.283] [WARNING] Cannot create wire: system not found. Start: ref_sys_A, End: vpn_sys
[2025-09-15 18:43:05.283] [WARNING] Cannot create wire: system not found. Start: vpn_sys, End: ref_sys_B
[2025-09-15 18:43:05.283] [INFO] Loaded 0 wires from level data
[2025-09-15 18:43:05.283] [INFO] Wire callbacks set up for 0 wires
[2025-09-15 18:43:10.344] [INFO] FPS: 119 | UPS: 199
[2025-09-15 18:43:11.344] [INFO] FPS: 120 | UPS: 200
[2025-09-15 18:43:12.293] [INFO] Wire created with length: 390m. Total used: 390m
[2025-09-15 18:43:12.294] [INFO] Wire created successfully
[2025-09-15 18:43:12.344] [INFO] FPS: 120 | UPS: 200
[2025-09-15 18:43:12.941] [INFO] Wire path changed - updating length...
[2025-09-15 18:43:12.941] [WARNING] Original length not found for wire: null
[2025-09-15 18:43:12.941] [INFO] System moved - recalculating all wire lengths...
[2025-09-15 18:43:12.941] [INFO] Wire lengths recalculated. Total used: 390m
[2025-09-15 18:43:13.010] [INFO] Wire path changed - updating length...
[2025-09-15 18:43:13.011] [WARNING] Original length not found for wire: null
[2025-09-15 18:43:13.011] [INFO] System moved - recalculating all wire lengths...
[2025-09-15 18:43:13.011] [INFO] Wire lengths recalculated. Total used: 391m
[2025-09-15 18:43:13.021] [INFO] Wire path changed - updating length...
[2025-09-15 18:43:13.021] [WARNING] Original length not found for wire: null
[2025-09-15 18:43:13.021] [INFO] System moved - recalculating all wire lengths...
[2025-09-15 18:43:13.021] [INFO] Wire lengths recalculated. Total used: 400m
[2025-09-15 18:43:13.042] [INFO] Wire path changed - updating length...
[2025-09-15 18:43:13.042] [WARNING] Original length not found for wire: null
[2025-09-15 18:43:13.042] [INFO] System moved - recalculating all wire lengths...
[2025-09-15 18:43:13.042] [INFO] Wire lengths recalculated. Total used: 434m
[2025-09-15 18:43:13.072] [INFO] Wire path changed - updating length...
[2025-09-15 18:43:13.073] [WARNING] Original length not found for wire: null
[2025-09-15 18:43:13.073] [INFO] System moved - recalculating all wire lengths...
[2025-09-15 18:43:13.073] [INFO] Wire lengths recalculated. Total used: 560m
[2025-09-15 18:43:13.091] [INFO] Wire path changed - updating length...
[2025-09-15 18:43:13.092] [WARNING] Original length not found for wire: null
[2025-09-15 18:43:13.092] [INFO] System moved - recalculating all wire lengths...
[2025-09-15 18:43:13.092] [INFO] Wire lengths recalculated. Total used: 616m
[2025-09-15 18:43:13.108] [INFO] Wire path changed - updating length...
[2025-09-15 18:43:13.108] [WARNING] Original length not found for wire: null
[2025-09-15 18:43:13.108] [INFO] System moved - recalculating all wire lengths...
[2025-09-15 18:43:13.108] [INFO] Wire lengths recalculated. Total used: 672m
[2025-09-15 18:43:13.119] [INFO] Wire path changed - updating length...
[2025-09-15 18:43:13.119] [WARNING] Original length not found for wire: null
[2025-09-15 18:43:13.119] [INFO] System moved - recalculating all wire lengths...
[2025-09-15 18:43:13.119] [INFO] Wire lengths recalculated. Total used: 718m
[2025-09-15 18:43:13.141] [INFO] Wire path changed - updating length...
[2025-09-15 18:43:13.141] [WARNING] Original length not found for wire: null
[2025-09-15 18:43:13.141] [INFO] System moved - recalculating all wire lengths...
[2025-09-15 18:43:13.141] [INFO] Wire lengths recalculated. Total used: 758m
[2025-09-15 18:43:13.158] [INFO] Wire path changed - updating length...
[2025-09-15 18:43:13.158] [WARNING] Original length not found for wire: null
[2025-09-15 18:43:13.158] [INFO] System moved - recalculating all wire lengths...
[2025-09-15 18:43:13.158] [INFO] Wire lengths recalculated. Total used: 786m
[2025-09-15 18:43:13.175] [INFO] Wire path changed - updating length...
[2025-09-15 18:43:13.175] [WARNING] Original length not found for wire: null
[2025-09-15 18:43:13.175] [INFO] System moved - recalculating all wire lengths...
[2025-09-15 18:43:13.175] [INFO] Wire lengths recalculated. Total used: 801m
[2025-09-15 18:43:13.193] [INFO] Wire path changed - updating length...
[2025-09-15 18:43:13.193] [WARNING] Original length not found for wire: null
[2025-09-15 18:43:13.193] [INFO] System moved - recalculating all wire lengths...
[2025-09-15 18:43:13.193] [INFO] Wire lengths recalculated. Total used: 811m
[2025-09-15 18:43:13.209] [INFO] Wire path changed - updating length...
[2025-09-15 18:43:13.209] [WARNING] Original length not found for wire: null
[2025-09-15 18:43:13.209] [INFO] System moved - recalculating all wire lengths...
[2025-09-15 18:43:13.209] [INFO] Wire lengths recalculated. Total used: 816m
[2025-09-15 18:43:13.222] [INFO] Wire path changed - updating length...
[2025-09-15 18:43:13.222] [WARNING] Original length not found for wire: null
[2025-09-15 18:43:13.222] [INFO] System moved - recalculating all wire lengths...
[2025-09-15 18:43:13.222] [INFO] Wire lengths recalculated. Total used: 818m
[2025-09-15 18:43:13.243] [INFO] Wire path changed - updating length...
[2025-09-15 18:43:13.243] [WARNING] Original length not found for wire: null
[2025-09-15 18:43:13.243] [INFO] System moved - recalculating all wire lengths...
[2025-09-15 18:43:13.243] [INFO] Wire lengths recalculated. Total used: 818m
[2025-09-15 18:43:13.259] [INFO] Wire path changed - updating length...
[2025-09-15 18:43:13.259] [WARNING] Original length not found for wire: null
[2025-09-15 18:43:13.259] [INFO] System moved - recalculating all wire lengths...
[2025-09-15 18:43:13.259] [INFO] Wire lengths recalculated. Total used: 819m
[2025-09-15 18:43:13.273] [INFO] Wire path changed - updating length...
[2025-09-15 18:43:13.273] [WARNING] Original length not found for wire: null
[2025-09-15 18:43:13.273] [INFO] System moved - recalculating all wire lengths...
[2025-09-15 18:43:13.273] [INFO] Wire lengths recalculated. Total used: 819m
[2025-09-15 18:43:13.290] [INFO] Wire path changed - updating length...
[2025-09-15 18:43:13.291] [WARNING] Original length not found for wire: null
[2025-09-15 18:43:13.291] [INFO] System moved - recalculating all wire lengths...
[2025-09-15 18:43:13.291] [INFO] Wire lengths recalculated. Total used: 819m
[2025-09-15 18:43:13.307] [INFO] Wire path changed - updating length...
[2025-09-15 18:43:13.307] [WARNING] Original length not found for wire: null
[2025-09-15 18:43:13.307] [INFO] System moved - recalculating all wire lengths...
[2025-09-15 18:43:13.307] [INFO] Wire lengths recalculated. Total used: 819m
[2025-09-15 18:43:13.318] [INFO] Wire path changed - updating length...
[2025-09-15 18:43:13.319] [WARNING] Original length not found for wire: null
[2025-09-15 18:43:13.319] [INFO] System moved - recalculating all wire lengths...
[2025-09-15 18:43:13.319] [INFO] Wire lengths recalculated. Total used: 819m
[2025-09-15 18:43:13.342] [INFO] Wire path changed - updating length...
[2025-09-15 18:43:13.343] [WARNING] Original length not found for wire: null
[2025-09-15 18:43:13.343] [INFO] System moved - recalculating all wire lengths...
[2025-09-15 18:43:13.343] [INFO] Wire lengths recalculated. Total used: 819m
[2025-09-15 18:43:13.344] [INFO] FPS: 120 | UPS: 200
[2025-09-15 18:43:13.356] [INFO] Wire path changed - updating length...
[2025-09-15 18:43:13.356] [WARNING] Original length not found for wire: null
[2025-09-15 18:43:13.356] [INFO] System moved - recalculating all wire lengths...
[2025-09-15 18:43:13.356] [INFO] Wire lengths recalculated. Total used: 819m
[2025-09-15 18:43:13.372] [INFO] Wire path changed - updating length...
[2025-09-15 18:43:13.373] [WARNING] Original length not found for wire: null
[2025-09-15 18:43:13.373] [INFO] System moved - recalculating all wire lengths...
[2025-09-15 18:43:13.373] [INFO] Wire lengths recalculated. Total used: 819m
[2025-09-15 18:43:13.389] [INFO] Wire path changed - updating length...
[2025-09-15 18:43:13.390] [WARNING] Original length not found for wire: null
[2025-09-15 18:43:13.390] [INFO] System moved - recalculating all wire lengths...
[2025-09-15 18:43:13.390] [INFO] Wire lengths recalculated. Total used: 818m
[2025-09-15 18:43:13.407] [INFO] Wire path changed - updating length...
[2025-09-15 18:43:13.407] [WARNING] Original length not found for wire: null
[2025-09-15 18:43:13.407] [INFO] System moved - recalculating all wire lengths...
[2025-09-15 18:43:13.407] [INFO] Wire lengths recalculated. Total used: 817m
[2025-09-15 18:43:13.419] [INFO] Wire path changed - updating length...
[2025-09-15 18:43:13.419] [WARNING] Original length not found for wire: null
[2025-09-15 18:43:13.419] [INFO] System moved - recalculating all wire lengths...
[2025-09-15 18:43:13.420] [INFO] Wire lengths recalculated. Total used: 816m
[2025-09-15 18:43:13.440] [INFO] Wire path changed - updating length...
[2025-09-15 18:43:13.440] [WARNING] Original length not found for wire: null
[2025-09-15 18:43:13.440] [INFO] System moved - recalculating all wire lengths...
[2025-09-15 18:43:13.440] [INFO] Wire lengths recalculated. Total used: 815m
[2025-09-15 18:43:13.453] [INFO] Wire path changed - updating length...
[2025-09-15 18:43:13.453] [WARNING] Original length not found for wire: null
[2025-09-15 18:43:13.453] [INFO] System moved - recalculating all wire lengths...
[2025-09-15 18:43:13.453] [INFO] Wire lengths recalculated. Total used: 815m
[2025-09-15 18:43:13.474] [INFO] Wire path changed - updating length...
[2025-09-15 18:43:13.474] [WARNING] Original length not found for wire: null
[2025-09-15 18:43:13.474] [INFO] System moved - recalculating all wire lengths...
[2025-09-15 18:43:13.474] [INFO] Wire lengths recalculated. Total used: 815m
[2025-09-15 18:43:13.490] [INFO] Wire path changed - updating length...
[2025-09-15 18:43:13.490] [WARNING] Original length not found for wire: null
[2025-09-15 18:43:13.490] [INFO] System moved - recalculating all wire lengths...
[2025-09-15 18:43:13.490] [INFO] Wire lengths recalculated. Total used: 814m
[2025-09-15 18:43:13.507] [INFO] Wire path changed - updating length...
[2025-09-15 18:43:13.507] [WARNING] Original length not found for wire: null
[2025-09-15 18:43:13.507] [INFO] System moved - recalculating all wire lengths...
[2025-09-15 18:43:13.507] [INFO] Wire lengths recalculated. Total used: 813m
[2025-09-15 18:43:13.521] [INFO] Wire path changed - updating length...
[2025-09-15 18:43:13.521] [WARNING] Original length not found for wire: null
[2025-09-15 18:43:13.521] [INFO] System moved - recalculating all wire lengths...
[2025-09-15 18:43:13.521] [INFO] Wire lengths recalculated. Total used: 812m
[2025-09-15 18:43:13.541] [INFO] Wire path changed - updating length...
[2025-09-15 18:43:13.541] [WARNING] Original length not found for wire: null
[2025-09-15 18:43:13.541] [INFO] System moved - recalculating all wire lengths...
[2025-09-15 18:43:13.541] [INFO] Wire lengths recalculated. Total used: 811m
[2025-09-15 18:43:13.554] [INFO] Wire path changed - updating length...
[2025-09-15 18:43:13.554] [WARNING] Original length not found for wire: null
[2025-09-15 18:43:13.554] [INFO] System moved - recalculating all wire lengths...
[2025-09-15 18:43:13.554] [INFO] Wire lengths recalculated. Total used: 809m
[2025-09-15 18:43:13.573] [INFO] Wire path changed - updating length...
[2025-09-15 18:43:13.573] [WARNING] Original length not found for wire: null
[2025-09-15 18:43:13.573] [INFO] System moved - recalculating all wire lengths...
[2025-09-15 18:43:13.574] [INFO] Wire lengths recalculated. Total used: 808m
[2025-09-15 18:43:13.992] [INFO] === MANUAL PACKET SPAWN REQUESTED ===
[2025-09-15 18:43:13.993] [INFO] Found available spawner: dev.aminhashemi.blueprinthell.model.entities.systems.ReferenceSystem@3d6787c7 with connected outputs
[2025-09-15 18:43:13.994] [INFO] Available spawners: 1
[2025-09-15 18:43:13.994] [INFO] Selected spawner: dev.aminhashemi.blueprinthell.model.entities.systems.ReferenceSystem@3d6787c7
[2025-09-15 18:43:13.994] [INFO] Connected outputs: 1
[2025-09-15 18:43:13.994] [INFO] Selected port: SQUARE
[2025-09-15 18:43:14.003] [INFO] Packet SQUARE_MESSENGER spawned with spawn protection. Total packets: 1
[2025-09-15 18:43:14.003] [INFO] Packet path has 2 points
[2025-09-15 18:43:14.003] [INFO] === PACKET SPAWNED: SQUARE_MESSENGER ===
[2025-09-15 18:43:14.003] [INFO] Spawn cooldown active - skipping spawn request
[2025-09-15 18:43:14.284] [INFO] Spawn cooldown active - skipping spawn request
[2025-09-15 18:43:14.284] [INFO] Spawn cooldown active - skipping spawn request
[2025-09-15 18:43:14.344] [INFO] FPS: 120 | UPS: 200
[2025-09-15 18:43:14.889] [INFO] === MANUAL PACKET SPAWN REQUESTED ===
[2025-09-15 18:43:14.890] [INFO] Found available spawner: dev.aminhashemi.blueprinthell.model.entities.systems.ReferenceSystem@3d6787c7 with connected outputs
[2025-09-15 18:43:14.890] [INFO] Available spawners: 1
[2025-09-15 18:43:14.890] [INFO] Selected spawner: dev.aminhashemi.blueprinthell.model.entities.systems.ReferenceSystem@3d6787c7
[2025-09-15 18:43:14.890] [INFO] Connected outputs: 1
[2025-09-15 18:43:14.890] [INFO] Selected port: SQUARE
[2025-09-15 18:43:14.890] [INFO] Packet SQUARE_MESSENGER spawned with spawn protection. Total packets: 2
[2025-09-15 18:43:14.890] [INFO] Packet path has 2 points
[2025-09-15 18:43:14.890] [INFO] === PACKET SPAWNED: SQUARE_MESSENGER ===
[2025-09-15 18:43:14.890] [INFO] Spawn cooldown active - skipping spawn request
[2025-09-15 18:43:15.043] [INFO] Spawn cooldown active - skipping spawn request
[2025-09-15 18:43:15.043] [INFO] Spawn cooldown active - skipping spawn request
[2025-09-15 18:43:15.196] [INFO] Spawn cooldown active - skipping spawn request
[2025-09-15 18:43:15.196] [INFO] Spawn cooldown active - skipping spawn request
[2025-09-15 18:43:15.344] [INFO] FPS: 120 | UPS: 200
[2025-09-15 18:43:15.370] [INFO] Spawn cooldown active - skipping spawn request
[2025-09-15 18:43:15.370] [INFO] Spawn cooldown active - skipping spawn request
[2025-09-15 18:43:15.540] [INFO] === MANUAL PACKET SPAWN REQUESTED ===
[2025-09-15 18:43:15.540] [INFO] Found available spawner: dev.aminhashemi.blueprinthell.model.entities.systems.ReferenceSystem@3d6787c7 with connected outputs
[2025-09-15 18:43:15.540] [INFO] Available spawners: 1
[2025-09-15 18:43:15.540] [INFO] Selected spawner: dev.aminhashemi.blueprinthell.model.entities.systems.ReferenceSystem@3d6787c7
[2025-09-15 18:43:15.540] [INFO] Connected outputs: 1
[2025-09-15 18:43:15.540] [INFO] Selected port: SQUARE
[2025-09-15 18:43:15.540] [INFO] Packet SQUARE_MESSENGER spawned with spawn protection. Total packets: 3
[2025-09-15 18:43:15.540] [INFO] Packet path has 2 points
[2025-09-15 18:43:15.540] [INFO] === PACKET SPAWNED: SQUARE_MESSENGER ===
[2025-09-15 18:43:15.540] [INFO] Spawn cooldown active - skipping spawn request
[2025-09-15 18:43:15.696] [INFO] Spawn cooldown active - skipping spawn request
[2025-09-15 18:43:15.696] [INFO] Spawn cooldown active - skipping spawn request
[2025-09-15 18:43:15.856] [INFO] Spawn cooldown active - skipping spawn request
[2025-09-15 18:43:15.856] [INFO] Spawn cooldown active - skipping spawn request
[2025-09-15 18:43:16.019] [INFO] Packet SQUARE_MESSENGER arrived at destination system
[2025-09-15 18:43:16.019] [INFO] Packet SQUARE_MESSENGER entered SpySystem at (1018, 238)
[2025-09-15 18:43:16.021] [INFO] Packet teleported from SpySystem (1018, 238) to (750, 400)
[2025-09-15 18:43:16.021] [INFO] Coins added: +2. Total coins: 2
[2025-09-15 18:43:16.021] [INFO] Packet SQUARE_MESSENGER is stuck. No outgoing wires.
[2025-09-15 18:43:16.021] [INFO] Packet SQUARE_MESSENGER reached intermediate system - no coins added.
[2025-09-15 18:43:16.344] [INFO] FPS: 116 | UPS: 194
[2025-09-15 18:43:16.910] [INFO] Packet SQUARE_MESSENGER arrived at destination system
[2025-09-15 18:43:16.911] [INFO] Packet SQUARE_MESSENGER entered SpySystem at (1018, 238)
[2025-09-15 18:43:16.911] [INFO] Packet teleported from SpySystem (1018, 238) to (300, 300)
[2025-09-15 18:43:16.911] [INFO] Coins added: +2. Total coins: 4
[2025-09-15 18:43:16.911] [INFO] Packet SQUARE_MESSENGER is stuck. No outgoing wires.
[2025-09-15 18:43:16.911] [INFO] Packet SQUARE_MESSENGER reached intermediate system - no coins added.
[2025-09-15 18:43:17.344] [INFO] FPS: 124 | UPS: 206
[2025-09-15 18:43:17.564] [INFO] Packet SQUARE_MESSENGER arrived at destination system
[2025-09-15 18:43:17.564] [INFO] Packet SQUARE_MESSENGER entered SpySystem at (1018, 238)
[2025-09-15 18:43:17.565] [INFO] Packet teleported from SpySystem (1018, 238) to (750, 400)
[2025-09-15 18:43:17.565] [INFO] Coins added: +2. Total coins: 6
[2025-09-15 18:43:17.566] [INFO] Packet SQUARE_MESSENGER is stuck. No outgoing wires.
[2025-09-15 18:43:17.566] [INFO] Packet SQUARE_MESSENGER reached intermediate system - no coins added.
[2025-09-15 18:43:18.377] [INFO] FPS: 116 | UPS: 194
[2025-09-15 18:43:19.680] [INFO] FPS: 120 | UPS: 199
[2025-09-15 18:43:20.348] [INFO] === MANUAL PACKET SPAWN REQUESTED ===
[2025-09-15 18:43:20.350] [INFO] Found available spawner: dev.aminhashemi.blueprinthell.model.entities.systems.ReferenceSystem@3d6787c7 with connected outputs
[2025-09-15 18:43:20.351] [INFO] Available spawners: 1
[2025-09-15 18:43:20.351] [INFO] Selected spawner: dev.aminhashemi.blueprinthell.model.entities.systems.ReferenceSystem@3d6787c7
[2025-09-15 18:43:20.351] [INFO] Connected outputs: 1
[2025-09-15 18:43:20.351] [INFO] Selected port: SQUARE
[2025-09-15 18:43:20.351] [INFO] Packet SQUARE_MESSENGER spawned with spawn protection. Total packets: 1
[2025-09-15 18:43:20.351] [INFO] Packet path has 2 points
[2025-09-15 18:43:20.351] [INFO] === PACKET SPAWNED: SQUARE_MESSENGER ===
[2025-09-15 18:43:20.351] [INFO] Spawn cooldown active - skipping spawn request
[2025-09-15 18:43:20.679] [INFO] FPS: 165 | UPS: 274
[2025-09-15 18:43:21.679] [INFO] FPS: 120 | UPS: 200
[2025-09-15 18:43:22.679] [INFO] FPS: 120 | UPS: 201
[2025-09-15 18:43:23.679] [INFO] FPS: 120 | UPS: 200
[2025-09-15 18:43:24.679] [INFO] FPS: 120 | UPS: 200
[2025-09-15 18:43:25.679] [INFO] FPS: 120 | UPS: 200
[2025-09-15 18:43:26.679] [INFO] FPS: 120 | UPS: 200
[2025-09-15 18:43:27.156] [INFO] Game state cleared
[2025-09-15 18:43:27.158] [INFO] SpySystem at (300, 300) is now active
[2025-09-15 18:43:27.158] [INFO] SpySystem at (600, 200) is now active
[2025-09-15 18:43:27.158] [INFO] SpySystem at (750, 400) is now active
[2025-09-15 18:43:27.679] [INFO] FPS: 120 | UPS: 200
[2025-09-15 18:43:28.679] [INFO] FPS: 120 | UPS: 200
[2025-09-15 18:43:29.576] [INFO] Game state cleared
[2025-09-15 18:43:29.576] [INFO] SpySystem at (300, 300) is now active
[2025-09-15 18:43:29.576] [INFO] SpySystem at (600, 200) is now active
[2025-09-15 18:43:29.576] [INFO] SpySystem at (750, 400) is now active
[2025-09-15 18:43:29.677] [INFO] Game state cleared
[2025-09-15 18:43:29.677] [INFO] SpySystem at (300, 300) is now active
[2025-09-15 18:43:29.677] [INFO] SpySystem at (600, 200) is now active
[2025-09-15 18:43:29.677] [INFO] SpySystem at (750, 400) is now active
[2025-09-15 18:43:29.679] [INFO] FPS: 120 | UPS: 200
[2025-09-15 18:43:29.775] [INFO] Game state cleared
[2025-09-15 18:43:29.775] [INFO] SpySystem at (300, 300) is now active
[2025-09-15 18:43:29.775] [INFO] SpySystem at (600, 200) is now active
[2025-09-15 18:43:29.776] [INFO] SpySystem at (750, 400) is now active
[2025-09-15 18:43:29.875] [INFO] Game state cleared
[2025-09-15 18:43:29.875] [INFO] SpySystem at (300, 300) is now active
[2025-09-15 18:43:29.875] [INFO] SpySystem at (600, 200) is now active
[2025-09-15 18:43:29.875] [INFO] SpySystem at (750, 400) is now active
[2025-09-15 18:43:29.975] [INFO] Game state cleared
[2025-09-15 18:43:29.975] [INFO] SpySystem at (300, 300) is now active
[2025-09-15 18:43:29.975] [INFO] SpySystem at (600, 200) is now active
[2025-09-15 18:43:29.975] [INFO] SpySystem at (750, 400) is now active
[2025-09-15 18:43:30.075] [INFO] Game state cleared
[2025-09-15 18:43:30.075] [INFO] SpySystem at (300, 300) is now active
[2025-09-15 18:43:30.075] [INFO] SpySystem at (600, 200) is now active
[2025-09-15 18:43:30.075] [INFO] SpySystem at (750, 400) is now active
[2025-09-15 18:43:30.175] [INFO] Game state cleared
[2025-09-15 18:43:30.175] [INFO] SpySystem at (300, 300) is now active
[2025-09-15 18:43:30.175] [INFO] SpySystem at (600, 200) is now active
[2025-09-15 18:43:30.175] [INFO] SpySystem at (750, 400) is now active
[2025-09-15 18:43:30.275] [INFO] Game state cleared
[2025-09-15 18:43:30.275] [INFO] SpySystem at (300, 300) is now active
[2025-09-15 18:43:30.275] [INFO] SpySystem at (600, 200) is now active
[2025-09-15 18:43:30.275] [INFO] SpySystem at (750, 400) is now active
[2025-09-15 18:43:30.375] [INFO] Game state cleared
[2025-09-15 18:43:30.375] [INFO] SpySystem at (300, 300) is now active
[2025-09-15 18:43:30.375] [INFO] SpySystem at (600, 200) is now active
[2025-09-15 18:43:30.375] [INFO] SpySystem at (750, 400) is now active
[2025-09-15 18:43:30.475] [INFO] Game state cleared
[2025-09-15 18:43:30.475] [INFO] SpySystem at (300, 300) is now active
[2025-09-15 18:43:30.475] [INFO] SpySystem at (600, 200) is now active
[2025-09-15 18:43:30.475] [INFO] SpySystem at (750, 400) is now active
[2025-09-15 18:43:30.575] [INFO] Game state cleared
[2025-09-15 18:43:30.575] [INFO] SpySystem at (300, 300) is now active
[2025-09-15 18:43:30.575] [INFO] SpySystem at (600, 200) is now active
[2025-09-15 18:43:30.575] [INFO] SpySystem at (750, 400) is now active
[2025-09-15 18:43:30.676] [INFO] Game state cleared
[2025-09-15 18:43:30.677] [INFO] SpySystem at (300, 300) is now active
[2025-09-15 18:43:30.677] [INFO] SpySystem at (600, 200) is now active
[2025-09-15 18:43:30.677] [INFO] SpySystem at (750, 400) is now active
[2025-09-15 18:43:30.679] [INFO] FPS: 120 | UPS: 200
[2025-09-15 18:43:30.775] [INFO] Game state cleared
[2025-09-15 18:43:30.775] [INFO] SpySystem at (300, 300) is now active
[2025-09-15 18:43:30.775] [INFO] SpySystem at (600, 200) is now active
[2025-09-15 18:43:30.775] [INFO] SpySystem at (750, 400) is now active
[2025-09-15 18:43:30.875] [INFO] Game state cleared
[2025-09-15 18:43:30.875] [INFO] SpySystem at (300, 300) is now active
[2025-09-15 18:43:30.875] [INFO] SpySystem at (600, 200) is now active
[2025-09-15 18:43:30.875] [INFO] SpySystem at (750, 400) is now active
[2025-09-15 18:43:30.975] [INFO] Game state cleared
[2025-09-15 18:43:30.975] [INFO] SpySystem at (300, 300) is now active
[2025-09-15 18:43:30.975] [INFO] SpySystem at (600, 200) is now active
[2025-09-15 18:43:30.975] [INFO] SpySystem at (750, 400) is now active
[2025-09-15 18:43:31.075] [INFO] Game state cleared
[2025-09-15 18:43:31.075] [INFO] SpySystem at (300, 300) is now active
[2025-09-15 18:43:31.075] [INFO] SpySystem at (600, 200) is now active
[2025-09-15 18:43:31.075] [INFO] SpySystem at (750, 400) is now active
[2025-09-15 18:43:31.175] [INFO] Game state cleared
[2025-09-15 18:43:31.175] [INFO] SpySystem at (300, 300) is now active
[2025-09-15 18:43:31.175] [INFO] SpySystem at (600, 200) is now active
[2025-09-15 18:43:31.175] [INFO] SpySystem at (750, 400) is now active
[2025-09-15 18:43:31.275] [INFO] Game state cleared
[2025-09-15 18:43:31.275] [INFO] SpySystem at (300, 300) is now active
[2025-09-15 18:43:31.275] [INFO] SpySystem at (600, 200) is now active
[2025-09-15 18:43:31.275] [INFO] SpySystem at (750, 400) is now active
[2025-09-15 18:43:31.374] [INFO] Game state cleared
[2025-09-15 18:43:31.375] [INFO] SpySystem at (300, 300) is now active
[2025-09-15 18:43:31.375] [INFO] SpySystem at (600, 200) is now active
[2025-09-15 18:43:31.375] [INFO] SpySystem at (750, 400) is now active
[2025-09-15 18:43:31.489] [INFO] === MANUAL PACKET SPAWN REQUESTED ===
[2025-09-15 18:43:31.489] [INFO] Found available spawner: dev.aminhashemi.blueprinthell.model.entities.systems.ReferenceSystem@66afe4a1 with connected outputs
[2025-09-15 18:43:31.489] [INFO] Available spawners: 1
[2025-09-15 18:43:31.489] [INFO] Selected spawner: dev.aminhashemi.blueprinthell.model.entities.systems.ReferenceSystem@66afe4a1
[2025-09-15 18:43:31.489] [INFO] Connected outputs: 1
[2025-09-15 18:43:31.489] [INFO] Selected port: SQUARE
[2025-09-15 18:43:31.490] [INFO] Packet SQUARE_MESSENGER spawned with spawn protection. Total packets: 1
[2025-09-15 18:43:31.490] [INFO] Packet path has 2 points
[2025-09-15 18:43:31.490] [INFO] === PACKET SPAWNED: SQUARE_MESSENGER ===
[2025-09-15 18:43:31.490] [INFO] Spawn cooldown active - skipping spawn request
[2025-09-15 18:43:31.679] [INFO] FPS: 120 | UPS: 200
[2025-09-15 18:43:31.984] [INFO] Spawn cooldown active - skipping spawn request
[2025-09-15 18:43:31.985] [INFO] Spawn cooldown active - skipping spawn request
[2025-09-15 18:43:32.401] [INFO] === MANUAL PACKET SPAWN REQUESTED ===
[2025-09-15 18:43:32.401] [INFO] Found available spawner: dev.aminhashemi.blueprinthell.model.entities.systems.ReferenceSystem@66afe4a1 with connected outputs
[2025-09-15 18:43:32.401] [INFO] Available spawners: 1
[2025-09-15 18:43:32.401] [INFO] Selected spawner: dev.aminhashemi.blueprinthell.model.entities.systems.ReferenceSystem@66afe4a1
[2025-09-15 18:43:32.401] [INFO] Connected outputs: 1
[2025-09-15 18:43:32.401] [INFO] Selected port: SQUARE
[2025-09-15 18:43:32.401] [INFO] Packet SQUARE_MESSENGER spawned with spawn protection. Total packets: 2
[2025-09-15 18:43:32.401] [INFO] Packet path has 2 points
[2025-09-15 18:43:32.402] [INFO] === PACKET SPAWNED: SQUARE_MESSENGER ===
[2025-09-15 18:43:32.402] [INFO] Spawn cooldown active - skipping spawn request
[2025-09-15 18:43:32.679] [INFO] FPS: 120 | UPS: 200
[2025-09-15 18:43:32.701] [INFO] Spawn cooldown active - skipping spawn request
[2025-09-15 18:43:32.701] [INFO] Spawn cooldown active - skipping spawn request
[2025-09-15 18:43:32.833] [INFO] Spawn cooldown active - skipping spawn request
[2025-09-15 18:43:32.833] [INFO] Spawn cooldown active - skipping spawn request
[2025-09-15 18:43:33.679] [INFO] FPS: 120 | UPS: 200
[2025-09-15 18:43:33.798] [INFO] Packet SQUARE_MESSENGER has spawn protection - skipping collision effects
[2025-09-15 18:43:33.798] [INFO] Packet SQUARE_MESSENGER has spawn protection - skipping collision effects
[2025-09-15 18:43:33.803] [INFO] Packet SQUARE_MESSENGER has spawn protection - skipping collision effects
[2025-09-15 18:43:33.804] [INFO] Packet SQUARE_MESSENGER has spawn protection - skipping collision effects
[2025-09-15 18:43:33.809] [INFO] Packet SQUARE_MESSENGER has spawn protection - skipping collision effects
[2025-09-15 18:43:33.809] [INFO] Packet SQUARE_MESSENGER has spawn protection - skipping collision effects
[2025-09-15 18:43:33.809] [INFO] Packet SQUARE_MESSENGER has spawn protection - skipping collision effects
[2025-09-15 18:43:33.816] [INFO] Packet SQUARE_MESSENGER has spawn protection - skipping collision effects
[2025-09-15 18:43:33.816] [INFO] Packet SQUARE_MESSENGER has spawn protection - skipping collision effects
[2025-09-15 18:43:33.816] [INFO] Packet SQUARE_MESSENGER has spawn protection - skipping collision effects
[2025-09-15 18:43:33.818] [INFO] Packet SQUARE_MESSENGER has spawn protection - skipping collision effects
[2025-09-15 18:43:33.818] [INFO] Packet SQUARE_MESSENGER has spawn protection - skipping collision effects
[2025-09-15 18:43:33.818] [INFO] Packet SQUARE_MESSENGER has spawn protection - skipping collision effects
[2025-09-15 18:43:33.821] [INFO] Successfully playing sound: collide.wav
[2025-09-15 18:43:33.824] [INFO] Packet SQUARE_MESSENGER has spawn protection - skipping collision effects
[2025-09-15 18:43:33.824] [INFO] Packet SQUARE_MESSENGER has spawn protection - skipping collision effects
[2025-09-15 18:43:33.824] [INFO] Packet SQUARE_MESSENGER has spawn protection - skipping collision effects
[2025-09-15 18:43:33.826] [INFO] Successfully playing sound: boom.wav
[2025-09-15 18:43:33.828] [INFO] Packet SQUARE_MESSENGER has spawn protection - skipping collision effects
[2025-09-15 18:43:33.829] [INFO] Packet SQUARE_MESSENGER has spawn protection - skipping collision effects
[2025-09-15 18:43:33.829] [INFO] Packet SQUARE_MESSENGER has spawn protection - skipping collision effects
[2025-09-15 18:43:33.835] [INFO] Packet SQUARE_MESSENGER has spawn protection - skipping collision effects
[2025-09-15 18:43:33.835] [INFO] Packet SQUARE_MESSENGER has spawn protection - skipping collision effects
[2025-09-15 18:43:33.835] [INFO] Packet SQUARE_MESSENGER has spawn protection - skipping collision effects
[2025-09-15 18:43:33.839] [INFO] Packet SQUARE_MESSENGER has spawn protection - skipping collision effects
[2025-09-15 18:43:33.839] [INFO] Packet SQUARE_MESSENGER has spawn protection - skipping collision effects
[2025-09-15 18:43:33.839] [INFO] Packet SQUARE_MESSENGER has spawn protection - skipping collision effects
[2025-09-15 18:43:33.843] [INFO] Packet SQUARE_MESSENGER has spawn protection - skipping collision effects
[2025-09-15 18:43:33.844] [INFO] Packet SQUARE_MESSENGER has spawn protection - skipping collision effects
[2025-09-15 18:43:33.844] [INFO] Packet SQUARE_MESSENGER has spawn protection - skipping collision effects
[2025-09-15 18:43:33.848] [INFO] Packet SQUARE_MESSENGER has spawn protection - skipping collision effects
[2025-09-15 18:43:33.849] [INFO] Packet SQUARE_MESSENGER has spawn protection - skipping collision effects
[2025-09-15 18:43:33.849] [INFO] Packet SQUARE_MESSENGER has spawn protection - skipping collision effects
[2025-09-15 18:43:33.858] [INFO] Packet SQUARE_MESSENGER has spawn protection - skipping collision effects
[2025-09-15 18:43:33.858] [INFO] Packet SQUARE_MESSENGER has spawn protection - skipping collision effects
[2025-09-15 18:43:33.858] [INFO] Packet SQUARE_MESSENGER has spawn protection - skipping collision effects
[2025-09-15 18:43:33.859] [INFO] Packet SQUARE_MESSENGER has spawn protection - skipping collision effects
[2025-09-15 18:43:33.859] [INFO] Packet SQUARE_MESSENGER has spawn protection - skipping collision effects
[2025-09-15 18:43:33.859] [INFO] Packet SQUARE_MESSENGER has spawn protection - skipping collision effects
[2025-09-15 18:43:33.863] [INFO] Packet SQUARE_MESSENGER has spawn protection - skipping collision effects
[2025-09-15 18:43:33.864] [INFO] Packet SQUARE_MESSENGER has spawn protection - skipping collision effects
[2025-09-15 18:43:33.864] [INFO] Packet SQUARE_MESSENGER has spawn protection - skipping collision effects
[2025-09-15 18:43:33.868] [INFO] Packet SQUARE_MESSENGER has spawn protection - skipping collision effects
[2025-09-15 18:43:33.869] [INFO] Packet SQUARE_MESSENGER has spawn protection - skipping collision effects
[2025-09-15 18:43:33.869] [INFO] Packet SQUARE_MESSENGER has spawn protection - skipping collision effects
[2025-09-15 18:43:33.877] [INFO] Packet SQUARE_MESSENGER has spawn protection - skipping collision effects
[2025-09-15 18:43:33.878] [INFO] Packet SQUARE_MESSENGER has spawn protection - skipping collision effects
[2025-09-15 18:43:33.878] [INFO] Packet SQUARE_MESSENGER has spawn protection - skipping collision effects
[2025-09-15 18:43:33.878] [INFO] Packet SQUARE_MESSENGER has spawn protection - skipping collision effects
[2025-09-15 18:43:33.879] [INFO] Packet SQUARE_MESSENGER has spawn protection - skipping collision effects
[2025-09-15 18:43:33.879] [INFO] Packet SQUARE_MESSENGER has spawn protection - skipping collision effects
[2025-09-15 18:43:33.883] [INFO] Packet SQUARE_MESSENGER has spawn protection - skipping collision effects
[2025-09-15 18:43:33.884] [INFO] Packet SQUARE_MESSENGER has spawn protection - skipping collision effects
[2025-09-15 18:43:33.884] [INFO] Packet SQUARE_MESSENGER has spawn protection - skipping collision effects
[2025-09-15 18:43:33.888] [INFO] Packet SQUARE_MESSENGER has spawn protection - skipping collision effects
[2025-09-15 18:43:33.889] [INFO] Packet SQUARE_MESSENGER has spawn protection - skipping collision effects
[2025-09-15 18:43:33.889] [INFO] Packet SQUARE_MESSENGER has spawn protection - skipping collision effects
[2025-09-15 18:43:33.896] [INFO] Packet SQUARE_MESSENGER has spawn protection - skipping collision effects
[2025-09-15 18:43:33.896] [INFO] Packet SQUARE_MESSENGER has spawn protection - skipping collision effects
[2025-09-15 18:43:33.896] [INFO] Packet SQUARE_MESSENGER has spawn protection - skipping collision effects
[2025-09-15 18:43:33.899] [INFO] Packet SQUARE_MESSENGER has spawn protection - skipping collision effects
[2025-09-15 18:43:33.899] [INFO] Packet SQUARE_MESSENGER has spawn protection - skipping collision effects
[2025-09-15 18:43:33.899] [INFO] Packet SQUARE_MESSENGER has spawn protection - skipping collision effects
[2025-09-15 18:43:33.903] [INFO] Packet SQUARE_MESSENGER has spawn protection - skipping collision effects
[2025-09-15 18:43:33.904] [INFO] Packet SQUARE_MESSENGER has spawn protection - skipping collision effects
[2025-09-15 18:43:33.904] [INFO] Packet SQUARE_MESSENGER has spawn protection - skipping collision effects
[2025-09-15 18:43:33.908] [INFO] Packet SQUARE_MESSENGER has spawn protection - skipping collision effects
[2025-09-15 18:43:33.909] [INFO] Packet SQUARE_MESSENGER has spawn protection - skipping collision effects
[2025-09-15 18:43:33.909] [INFO] Packet SQUARE_MESSENGER has spawn protection - skipping collision effects
[2025-09-15 18:43:33.916] [INFO] Packet SQUARE_MESSENGER has spawn protection - skipping collision effects
[2025-09-15 18:43:33.916] [INFO] Packet SQUARE_MESSENGER has spawn protection - skipping collision effects
[2025-09-15 18:43:33.916] [INFO] Packet SQUARE_MESSENGER has spawn protection - skipping collision effects
[2025-09-15 18:43:33.918] [INFO] Packet SQUARE_MESSENGER has spawn protection - skipping collision effects
[2025-09-15 18:43:33.918] [INFO] Packet SQUARE_MESSENGER has spawn protection - skipping collision effects
[2025-09-15 18:43:33.919] [INFO] Packet SQUARE_MESSENGER has spawn protection - skipping collision effects
[2025-09-15 18:43:33.923] [INFO] Packet SQUARE_MESSENGER has spawn protection - skipping collision effects
[2025-09-15 18:43:33.924] [INFO] Packet SQUARE_MESSENGER has spawn protection - skipping collision effects
[2025-09-15 18:43:33.924] [INFO] Packet SQUARE_MESSENGER has spawn protection - skipping collision effects
[2025-09-15 18:43:33.928] [INFO] Packet SQUARE_MESSENGER has spawn protection - skipping collision effects
[2025-09-15 18:43:33.929] [INFO] Packet SQUARE_MESSENGER has spawn protection - skipping collision effects
[2025-09-15 18:43:33.929] [INFO] Packet SQUARE_MESSENGER has spawn protection - skipping collision effects
[2025-09-15 18:43:33.935] [INFO] Packet SQUARE_MESSENGER has spawn protection - skipping collision effects
[2025-09-15 18:43:33.935] [INFO] Packet SQUARE_MESSENGER has spawn protection - skipping collision effects
[2025-09-15 18:43:33.935] [INFO] Packet SQUARE_MESSENGER has spawn protection - skipping collision effects
[2025-09-15 18:43:33.938] [INFO] Packet SQUARE_MESSENGER has spawn protection - skipping collision effects
[2025-09-15 18:43:33.939] [INFO] Packet SQUARE_MESSENGER has spawn protection - skipping collision effects
[2025-09-15 18:43:33.939] [INFO] Packet SQUARE_MESSENGER has spawn protection - skipping collision effects
[2025-09-15 18:43:33.944] [INFO] Packet SQUARE_MESSENGER has spawn protection - skipping collision effects
[2025-09-15 18:43:33.944] [INFO] Packet SQUARE_MESSENGER has spawn protection - skipping collision effects
[2025-09-15 18:43:33.944] [INFO] Packet SQUARE_MESSENGER has spawn protection - skipping collision effects
[2025-09-15 18:43:33.948] [INFO] Packet SQUARE_MESSENGER has spawn protection - skipping collision effects
[2025-09-15 18:43:33.949] [INFO] Packet SQUARE_MESSENGER has spawn protection - skipping collision effects
[2025-09-15 18:43:33.949] [INFO] Packet SQUARE_MESSENGER has spawn protection - skipping collision effects
[2025-09-15 18:43:33.959] [INFO] Packet SQUARE_MESSENGER has spawn protection - skipping collision effects
[2025-09-15 18:43:33.959] [INFO] Packet SQUARE_MESSENGER has spawn protection - skipping collision effects
[2025-09-15 18:43:33.959] [INFO] Packet SQUARE_MESSENGER has spawn protection - skipping collision effects
[2025-09-15 18:43:33.959] [INFO] Packet SQUARE_MESSENGER has spawn protection - skipping collision effects
[2025-09-15 18:43:33.959] [INFO] Packet SQUARE_MESSENGER has spawn protection - skipping collision effects
[2025-09-15 18:43:33.959] [INFO] Packet SQUARE_MESSENGER has spawn protection - skipping collision effects
[2025-09-15 18:43:33.964] [INFO] Packet SQUARE_MESSENGER has spawn protection - skipping collision effects
[2025-09-15 18:43:33.964] [INFO] Packet SQUARE_MESSENGER has spawn protection - skipping collision effects
[2025-09-15 18:43:33.964] [INFO] Packet SQUARE_MESSENGER has spawn protection - skipping collision effects
[2025-09-15 18:43:33.968] [INFO] Packet SQUARE_MESSENGER has spawn protection - skipping collision effects
[2025-09-15 18:43:33.969] [INFO] Packet SQUARE_MESSENGER has spawn protection - skipping collision effects
[2025-09-15 18:43:33.969] [INFO] Packet SQUARE_MESSENGER has spawn protection - skipping collision effects
[2025-09-15 18:43:33.975] [INFO] Packet SQUARE_MESSENGER has spawn protection - skipping collision effects
[2025-09-15 18:43:33.975] [INFO] Packet SQUARE_MESSENGER has spawn protection - skipping collision effects
[2025-09-15 18:43:33.975] [INFO] Packet SQUARE_MESSENGER has spawn protection - skipping collision effects
[2025-09-15 18:43:33.978] [INFO] Packet SQUARE_MESSENGER has spawn protection - skipping collision effects
[2025-09-15 18:43:33.979] [INFO] Packet SQUARE_MESSENGER has spawn protection - skipping collision effects
[2025-09-15 18:43:33.979] [INFO] Packet SQUARE_MESSENGER has spawn protection - skipping collision effects
[2025-09-15 18:43:33.983] [INFO] Packet SQUARE_MESSENGER has spawn protection - skipping collision effects
[2025-09-15 18:43:33.983] [INFO] Packet SQUARE_MESSENGER has spawn protection - skipping collision effects
[2025-09-15 18:43:33.983] [INFO] Packet SQUARE_MESSENGER has spawn protection - skipping collision effects
[2025-09-15 18:43:33.988] [INFO] Packet SQUARE_MESSENGER has spawn protection - skipping collision effects
[2025-09-15 18:43:33.989] [INFO] Packet SQUARE_MESSENGER has spawn protection - skipping collision effects
[2025-09-15 18:43:33.989] [INFO] Packet SQUARE_MESSENGER has spawn protection - skipping collision effects
[2025-09-15 18:43:33.996] [INFO] Packet SQUARE_MESSENGER has spawn protection - skipping collision effects
[2025-09-15 18:43:33.996] [INFO] Packet SQUARE_MESSENGER has spawn protection - skipping collision effects
[2025-09-15 18:43:33.996] [INFO] Packet SQUARE_MESSENGER has spawn protection - skipping collision effects
[2025-09-15 18:43:33.998] [INFO] Packet SQUARE_MESSENGER has spawn protection - skipping collision effects
[2025-09-15 18:43:33.998] [INFO] Packet SQUARE_MESSENGER has spawn protection - skipping collision effects
[2025-09-15 18:43:33.998] [INFO] Packet SQUARE_MESSENGER has spawn protection - skipping collision effects
[2025-09-15 18:43:34.003] [INFO] Packet SQUARE_MESSENGER has spawn protection - skipping collision effects
[2025-09-15 18:43:34.004] [INFO] Packet SQUARE_MESSENGER has spawn protection - skipping collision effects
[2025-09-15 18:43:34.004] [INFO] Packet SQUARE_MESSENGER has spawn protection - skipping collision effects
[2025-09-15 18:43:34.014] [INFO] Packet SQUARE_MESSENGER has spawn protection - skipping collision effects
[2025-09-15 18:43:34.014] [INFO] Packet SQUARE_MESSENGER has spawn protection - skipping collision effects
[2025-09-15 18:43:34.014] [INFO] Packet SQUARE_MESSENGER has spawn protection - skipping collision effects
[2025-09-15 18:43:34.014] [INFO] Packet SQUARE_MESSENGER has spawn protection - skipping collision effects
[2025-09-15 18:43:34.014] [INFO] Packet SQUARE_MESSENGER has spawn protection - skipping collision effects
[2025-09-15 18:43:34.014] [INFO] Packet SQUARE_MESSENGER has spawn protection - skipping collision effects
[2025-09-15 18:43:34.018] [INFO] Packet SQUARE_MESSENGER has spawn protection - skipping collision effects
[2025-09-15 18:43:34.019] [INFO] Packet SQUARE_MESSENGER has spawn protection - skipping collision effects
[2025-09-15 18:43:34.019] [INFO] Packet SQUARE_MESSENGER has spawn protection - skipping collision effects
[2025-09-15 18:43:34.024] [INFO] Packet SQUARE_MESSENGER has spawn protection - skipping collision effects
[2025-09-15 18:43:34.024] [INFO] Packet SQUARE_MESSENGER has spawn protection - skipping collision effects
[2025-09-15 18:43:34.024] [INFO] Packet SQUARE_MESSENGER has spawn protection - skipping collision effects
[2025-09-15 18:43:34.031] [INFO] Packet SQUARE_MESSENGER has spawn protection - skipping collision effects
[2025-09-15 18:43:34.031] [INFO] Packet SQUARE_MESSENGER has spawn protection - skipping collision effects
[2025-09-15 18:43:34.031] [INFO] Packet SQUARE_MESSENGER has spawn protection - skipping collision effects
[2025-09-15 18:43:34.033] [INFO] Packet SQUARE_MESSENGER has spawn protection - skipping collision effects
[2025-09-15 18:43:34.034] [INFO] Packet SQUARE_MESSENGER has spawn protection - skipping collision effects
[2025-09-15 18:43:34.034] [INFO] Packet SQUARE_MESSENGER has spawn protection - skipping collision effects
[2025-09-15 18:43:34.038] [INFO] Packet SQUARE_MESSENGER has spawn protection - skipping collision effects
[2025-09-15 18:43:34.039] [INFO] Packet SQUARE_MESSENGER has spawn protection - skipping collision effects
[2025-09-15 18:43:34.039] [INFO] Packet SQUARE_MESSENGER has spawn protection - skipping collision effects
[2025-09-15 18:43:34.043] [INFO] Packet SQUARE_MESSENGER has spawn protection - skipping collision effects
[2025-09-15 18:43:34.044] [INFO] Packet SQUARE_MESSENGER has spawn protection - skipping collision effects
[2025-09-15 18:43:34.044] [INFO] Packet SQUARE_MESSENGER has spawn protection - skipping collision effects
[2025-09-15 18:43:34.050] [INFO] Packet SQUARE_MESSENGER has spawn protection - skipping collision effects
[2025-09-15 18:43:34.050] [INFO] Packet SQUARE_MESSENGER has spawn protection - skipping collision effects
[2025-09-15 18:43:34.050] [INFO] Packet SQUARE_MESSENGER has spawn protection - skipping collision effects
[2025-09-15 18:43:34.054] [INFO] Packet SQUARE_MESSENGER has spawn protection - skipping collision effects
[2025-09-15 18:43:34.054] [INFO] Packet SQUARE_MESSENGER has spawn protection - skipping collision effects
[2025-09-15 18:43:34.054] [INFO] Packet SQUARE_MESSENGER has spawn protection - skipping collision effects
[2025-09-15 18:43:34.059] [INFO] Packet SQUARE_MESSENGER has spawn protection - skipping collision effects
[2025-09-15 18:43:34.059] [INFO] Packet SQUARE_MESSENGER has spawn protection - skipping collision effects
[2025-09-15 18:43:34.059] [INFO] Packet SQUARE_MESSENGER has spawn protection - skipping collision effects
[2025-09-15 18:43:34.063] [INFO] Packet SQUARE_MESSENGER has spawn protection - skipping collision effects
[2025-09-15 18:43:34.064] [INFO] Packet SQUARE_MESSENGER has spawn protection - skipping collision effects
[2025-09-15 18:43:34.064] [INFO] Packet SQUARE_MESSENGER has spawn protection - skipping collision effects
[2025-09-15 18:43:34.071] [INFO] Packet SQUARE_MESSENGER has spawn protection - skipping collision effects
[2025-09-15 18:43:34.072] [INFO] Packet SQUARE_MESSENGER has spawn protection - skipping collision effects
[2025-09-15 18:43:34.072] [INFO] Packet SQUARE_MESSENGER has spawn protection - skipping collision effects
[2025-09-15 18:43:34.073] [INFO] Packet SQUARE_MESSENGER has spawn protection - skipping collision effects
[2025-09-15 18:43:34.074] [INFO] Packet SQUARE_MESSENGER has spawn protection - skipping collision effects
[2025-09-15 18:43:34.074] [INFO] Packet SQUARE_MESSENGER has spawn protection - skipping collision effects
[2025-09-15 18:43:34.078] [INFO] Packet SQUARE_MESSENGER has spawn protection - skipping collision effects
[2025-09-15 18:43:34.079] [INFO] Packet SQUARE_MESSENGER has spawn protection - skipping collision effects
[2025-09-15 18:43:34.079] [INFO] Packet SQUARE_MESSENGER has spawn protection - skipping collision effects
[2025-09-15 18:43:34.083] [INFO] Packet SQUARE_MESSENGER has spawn protection - skipping collision effects
[2025-09-15 18:43:34.083] [INFO] Packet SQUARE_MESSENGER has spawn protection - skipping collision effects
[2025-09-15 18:43:34.084] [INFO] Packet SQUARE_MESSENGER has spawn protection - skipping collision effects
[2025-09-15 18:43:34.091] [INFO] Packet SQUARE_MESSENGER has spawn protection - skipping collision effects
[2025-09-15 18:43:34.091] [INFO] Packet SQUARE_MESSENGER has spawn protection - skipping collision effects
[2025-09-15 18:43:34.091] [INFO] Packet SQUARE_MESSENGER has spawn protection - skipping collision effects
[2025-09-15 18:43:34.093] [INFO] Packet SQUARE_MESSENGER has spawn protection - skipping collision effects
[2025-09-15 18:43:34.094] [INFO] Packet SQUARE_MESSENGER has spawn protection - skipping collision effects
[2025-09-15 18:43:34.094] [INFO] Packet SQUARE_MESSENGER has spawn protection - skipping collision effects
[2025-09-15 18:43:34.098] [INFO] Packet SQUARE_MESSENGER has spawn protection - skipping collision effects
[2025-09-15 18:43:34.098] [INFO] Packet SQUARE_MESSENGER has spawn protection - skipping collision effects
[2025-09-15 18:43:34.099] [INFO] Packet SQUARE_MESSENGER has spawn protection - skipping collision effects
[2025-09-15 18:43:34.116] [INFO] Packet SQUARE_MESSENGER has spawn protection - skipping collision effects
[2025-09-15 18:43:34.116] [INFO] Packet SQUARE_MESSENGER has spawn protection - skipping collision effects
[2025-09-15 18:43:34.116] [INFO] Packet SQUARE_MESSENGER has spawn protection - skipping collision effects
[2025-09-15 18:43:34.116] [INFO] Packet SQUARE_MESSENGER has spawn protection - skipping collision effects
[2025-09-15 18:43:34.116] [INFO] Packet SQUARE_MESSENGER has spawn protection - skipping collision effects
[2025-09-15 18:43:34.116] [INFO] Packet SQUARE_MESSENGER has spawn protection - skipping collision effects
[2025-09-15 18:43:34.117] [INFO] Packet SQUARE_MESSENGER has spawn protection - skipping collision effects
[2025-09-15 18:43:34.117] [INFO] Packet SQUARE_MESSENGER has spawn protection - skipping collision effects
[2025-09-15 18:43:34.117] [INFO] Packet SQUARE_MESSENGER has spawn protection - skipping collision effects
[2025-09-15 18:43:34.118] [INFO] Packet SQUARE_MESSENGER has spawn protection - skipping collision effects
[2025-09-15 18:43:34.119] [INFO] Packet SQUARE_MESSENGER has spawn protection - skipping collision effects
[2025-09-15 18:43:34.119] [INFO] Packet SQUARE_MESSENGER has spawn protection - skipping collision effects
[2025-09-15 18:43:34.150] [INFO] Packet SQUARE_MESSENGER has spawn protection - skipping collision effects
[2025-09-15 18:43:34.150] [INFO] Packet SQUARE_MESSENGER has spawn protection - skipping collision effects
[2025-09-15 18:43:34.150] [INFO] Packet SQUARE_MESSENGER has spawn protection - skipping collision effects
[2025-09-15 18:43:34.165] [INFO] Packet SQUARE_MESSENGER has spawn protection - skipping collision effects
[2025-09-15 18:43:34.166] [INFO] Packet SQUARE_MESSENGER has spawn protection - skipping collision effects
[2025-09-15 18:43:34.166] [INFO] Packet SQUARE_MESSENGER has spawn protection - skipping collision effects
[2025-09-15 18:43:34.175] [INFO] Packet SQUARE_MESSENGER has spawn protection - skipping collision effects
[2025-09-15 18:43:34.175] [INFO] Packet SQUARE_MESSENGER has spawn protection - skipping collision effects
[2025-09-15 18:43:34.175] [INFO] Packet SQUARE_MESSENGER has spawn protection - skipping collision effects
[2025-09-15 18:43:34.175] [INFO] Packet SQUARE_MESSENGER has spawn protection - skipping collision effects
[2025-09-15 18:43:34.175] [INFO] Packet SQUARE_MESSENGER has spawn protection - skipping collision effects
[2025-09-15 18:43:34.175] [INFO] Packet SQUARE_MESSENGER has spawn protection - skipping collision effects
[2025-09-15 18:43:34.175] [INFO] Packet SQUARE_MESSENGER has spawn protection - skipping collision effects
[2025-09-15 18:43:34.175] [INFO] Packet SQUARE_MESSENGER has spawn protection - skipping collision effects
[2025-09-15 18:43:34.175] [INFO] Packet SQUARE_MESSENGER has spawn protection - skipping collision effects
[2025-09-15 18:43:34.175] [INFO] Packet SQUARE_MESSENGER has spawn protection - skipping collision effects
[2025-09-15 18:43:34.175] [INFO] Packet SQUARE_MESSENGER has spawn protection - skipping collision effects
[2025-09-15 18:43:34.175] [INFO] Packet SQUARE_MESSENGER has spawn protection - skipping collision effects
[2025-09-15 18:43:34.175] [INFO] Packet SQUARE_MESSENGER has spawn protection - skipping collision effects
[2025-09-15 18:43:34.175] [INFO] Packet SQUARE_MESSENGER has spawn protection - skipping collision effects
[2025-09-15 18:43:34.175] [INFO] Packet SQUARE_MESSENGER has spawn protection - skipping collision effects
[2025-09-15 18:43:34.175] [INFO] Packet SQUARE_MESSENGER has spawn protection - skipping collision effects
[2025-09-15 18:43:34.175] [INFO] Packet SQUARE_MESSENGER has spawn protection - skipping collision effects
[2025-09-15 18:43:34.175] [INFO] Packet SQUARE_MESSENGER has spawn protection - skipping collision effects
[2025-09-15 18:43:34.175] [INFO] Packet SQUARE_MESSENGER has spawn protection - skipping collision effects
[2025-09-15 18:43:34.175] [INFO] Packet SQUARE_MESSENGER has spawn protection - skipping collision effects
[2025-09-15 18:43:34.175] [INFO] Packet SQUARE_MESSENGER has spawn protection - skipping collision effects
[2025-09-15 18:43:34.175] [INFO] Packet SQUARE_MESSENGER has spawn protection - skipping collision effects
[2025-09-15 18:43:34.175] [INFO] Packet SQUARE_MESSENGER has spawn protection - skipping collision effects
[2025-09-15 18:43:34.175] [INFO] Packet SQUARE_MESSENGER has spawn protection - skipping collision effects
[2025-09-15 18:43:34.175] [INFO] Packet SQUARE_MESSENGER has spawn protection - skipping collision effects
[2025-09-15 18:43:34.175] [INFO] Packet SQUARE_MESSENGER has spawn protection - skipping collision effects
[2025-09-15 18:43:34.175] [INFO] Packet SQUARE_MESSENGER has spawn protection - skipping collision effects
[2025-09-15 18:43:34.178] [INFO] Packet SQUARE_MESSENGER has spawn protection - skipping collision effects
[2025-09-15 18:43:34.179] [INFO] Packet SQUARE_MESSENGER has spawn protection - skipping collision effects
[2025-09-15 18:43:34.179] [INFO] Packet SQUARE_MESSENGER has spawn protection - skipping collision effects
[2025-09-15 18:43:34.186] [INFO] Packet SQUARE_MESSENGER has spawn protection - skipping collision effects
[2025-09-15 18:43:34.187] [INFO] Packet SQUARE_MESSENGER has spawn protection - skipping collision effects
[2025-09-15 18:43:34.187] [INFO] Packet SQUARE_MESSENGER has spawn protection - skipping collision effects
[2025-09-15 18:43:34.189] [INFO] Packet SQUARE_MESSENGER has spawn protection - skipping collision effects
[2025-09-15 18:43:34.189] [INFO] Packet SQUARE_MESSENGER has spawn protection - skipping collision effects
[2025-09-15 18:43:34.189] [INFO] Packet SQUARE_MESSENGER has spawn protection - skipping collision effects
[2025-09-15 18:43:34.194] [INFO] Packet SQUARE_MESSENGER has spawn protection - skipping collision effects
[2025-09-15 18:43:34.194] [INFO] Packet SQUARE_MESSENGER has spawn protection - skipping collision effects
[2025-09-15 18:43:34.197] [INFO] Packet SQUARE_MESSENGER has spawn protection - skipping collision effects
[2025-09-15 18:43:34.199] [INFO] Packet SQUARE_MESSENGER has spawn protection - skipping collision effects
[2025-09-15 18:43:34.199] [INFO] Packet SQUARE_MESSENGER has spawn protection - skipping collision effects
[2025-09-15 18:43:34.199] [INFO] Packet SQUARE_MESSENGER has spawn protection - skipping collision effects
[2025-09-15 18:43:34.208] [INFO] Packet SQUARE_MESSENGER has spawn protection - skipping collision effects
[2025-09-15 18:43:34.208] [INFO] Packet SQUARE_MESSENGER has spawn protection - skipping collision effects
[2025-09-15 18:43:34.208] [INFO] Packet SQUARE_MESSENGER has spawn protection - skipping collision effects
[2025-09-15 18:43:34.208] [INFO] Packet SQUARE_MESSENGER has spawn protection - skipping collision effects
[2025-09-15 18:43:34.208] [INFO] Packet SQUARE_MESSENGER has spawn protection - skipping collision effects
[2025-09-15 18:43:34.208] [INFO] Packet SQUARE_MESSENGER has spawn protection - skipping collision effects
[2025-09-15 18:43:34.214] [INFO] Packet SQUARE_MESSENGER has spawn protection - skipping collision effects
[2025-09-15 18:43:34.214] [INFO] Packet SQUARE_MESSENGER has spawn protection - skipping collision effects
[2025-09-15 18:43:34.214] [INFO] Packet SQUARE_MESSENGER has spawn protection - skipping collision effects
[2025-09-15 18:43:34.218] [INFO] Packet SQUARE_MESSENGER has spawn protection - skipping collision effects
[2025-09-15 18:43:34.218] [INFO] Packet SQUARE_MESSENGER has spawn protection - skipping collision effects
[2025-09-15 18:43:34.218] [INFO] Packet SQUARE_MESSENGER has spawn protection - skipping collision effects
[2025-09-15 18:43:34.227] [INFO] Packet SQUARE_MESSENGER has spawn protection - skipping collision effects
[2025-09-15 18:43:34.227] [INFO] Packet SQUARE_MESSENGER has spawn protection - skipping collision effects
[2025-09-15 18:43:34.227] [INFO] Packet SQUARE_MESSENGER has spawn protection - skipping collision effects
[2025-09-15 18:43:34.228] [INFO] Packet SQUARE_MESSENGER has spawn protection - skipping collision effects
[2025-09-15 18:43:34.229] [INFO] Packet SQUARE_MESSENGER has spawn protection - skipping collision effects
[2025-09-15 18:43:34.229] [INFO] Packet SQUARE_MESSENGER has spawn protection - skipping collision effects
[2025-09-15 18:43:34.233] [INFO] Packet SQUARE_MESSENGER has spawn protection - skipping collision effects
[2025-09-15 18:43:34.234] [INFO] Packet SQUARE_MESSENGER has spawn protection - skipping collision effects
[2025-09-15 18:43:34.234] [INFO] Packet SQUARE_MESSENGER has spawn protection - skipping collision effects
[2025-09-15 18:43:34.238] [INFO] Packet SQUARE_MESSENGER has spawn protection - skipping collision effects
[2025-09-15 18:43:34.239] [INFO] Packet SQUARE_MESSENGER has spawn protection - skipping collision effects
[2025-09-15 18:43:34.239] [INFO] Packet SQUARE_MESSENGER has spawn protection - skipping collision effects
[2025-09-15 18:43:34.246] [INFO] Packet SQUARE_MESSENGER has spawn protection - skipping collision effects
[2025-09-15 18:43:34.247] [INFO] Packet SQUARE_MESSENGER has spawn protection - skipping collision effects
[2025-09-15 18:43:34.247] [INFO] Packet SQUARE_MESSENGER has spawn protection - skipping collision effects
[2025-09-15 18:43:34.248] [INFO] Packet SQUARE_MESSENGER has spawn protection - skipping collision effects
[2025-09-15 18:43:34.248] [INFO] Packet SQUARE_MESSENGER has spawn protection - skipping collision effects
[2025-09-15 18:43:34.248] [INFO] Packet SQUARE_MESSENGER has spawn protection - skipping collision effects
[2025-09-15 18:43:34.254] [INFO] Packet SQUARE_MESSENGER has spawn protection - skipping collision effects
[2025-09-15 18:43:34.254] [INFO] Packet SQUARE_MESSENGER has spawn protection - skipping collision effects
[2025-09-15 18:43:34.254] [INFO] Packet SQUARE_MESSENGER has spawn protection - skipping collision effects
[2025-09-15 18:43:34.258] [INFO] Packet SQUARE_MESSENGER has spawn protection - skipping collision effects
[2025-09-15 18:43:34.259] [INFO] Packet SQUARE_MESSENGER has spawn protection - skipping collision effects
[2025-09-15 18:43:34.259] [INFO] Packet SQUARE_MESSENGER has spawn protection - skipping collision effects
[2025-09-15 18:43:34.265] [INFO] Packet SQUARE_MESSENGER has spawn protection - skipping collision effects
[2025-09-15 18:43:34.265] [INFO] Packet SQUARE_MESSENGER has spawn protection - skipping collision effects
[2025-09-15 18:43:34.265] [INFO] Packet SQUARE_MESSENGER has spawn protection - skipping collision effects
[2025-09-15 18:43:34.268] [INFO] Packet SQUARE_MESSENGER has spawn protection - skipping collision effects
[2025-09-15 18:43:34.268] [INFO] Packet SQUARE_MESSENGER has spawn protection - skipping collision effects
[2025-09-15 18:43:34.268] [INFO] Packet SQUARE_MESSENGER has spawn protection - skipping collision effects
[2025-09-15 18:43:34.273] [INFO] Packet SQUARE_MESSENGER has spawn protection - skipping collision effects
[2025-09-15 18:43:34.274] [INFO] Packet SQUARE_MESSENGER has spawn protection - skipping collision effects
[2025-09-15 18:43:34.274] [INFO] Packet SQUARE_MESSENGER has spawn protection - skipping collision effects
[2025-09-15 18:43:34.280] [INFO] Packet SQUARE_MESSENGER has spawn protection - skipping collision effects
[2025-09-15 18:43:34.280] [INFO] Packet SQUARE_MESSENGER has spawn protection - skipping collision effects
[2025-09-15 18:43:34.280] [INFO] Packet SQUARE_MESSENGER has spawn protection - skipping collision effects
[2025-09-15 18:43:34.283] [INFO] Packet SQUARE_MESSENGER has spawn protection - skipping collision effects
[2025-09-15 18:43:34.283] [INFO] Packet SQUARE_MESSENGER has spawn protection - skipping collision effects
[2025-09-15 18:43:34.283] [INFO] Packet SQUARE_MESSENGER has spawn protection - skipping collision effects
[2025-09-15 18:43:34.288] [INFO] Packet SQUARE_MESSENGER has spawn protection - skipping collision effects
[2025-09-15 18:43:34.289] [INFO] Packet SQUARE_MESSENGER has spawn protection - skipping collision effects
[2025-09-15 18:43:34.289] [INFO] Packet SQUARE_MESSENGER has spawn protection - skipping collision effects
[2025-09-15 18:43:34.293] [INFO] Packet SQUARE_MESSENGER has spawn protection - skipping collision effects
[2025-09-15 18:43:34.293] [INFO] Packet SQUARE_MESSENGER has spawn protection - skipping collision effects
[2025-09-15 18:43:34.293] [INFO] Packet SQUARE_MESSENGER has spawn protection - skipping collision effects
[2025-09-15 18:43:34.300] [INFO] Packet SQUARE_MESSENGER has spawn protection - skipping collision effects
[2025-09-15 18:43:34.300] [INFO] Packet SQUARE_MESSENGER has spawn protection - skipping collision effects
[2025-09-15 18:43:34.300] [INFO] Packet SQUARE_MESSENGER has spawn protection - skipping collision effects
[2025-09-15 18:43:34.303] [INFO] Packet SQUARE_MESSENGER has spawn protection - skipping collision effects
[2025-09-15 18:43:34.303] [INFO] Packet SQUARE_MESSENGER has spawn protection - skipping collision effects
[2025-09-15 18:43:34.303] [INFO] Packet SQUARE_MESSENGER has spawn protection - skipping collision effects
[2025-09-15 18:43:34.308] [INFO] Packet SQUARE_MESSENGER has spawn protection - skipping collision effects
[2025-09-15 18:43:34.308] [INFO] Packet SQUARE_MESSENGER has spawn protection - skipping collision effects
[2025-09-15 18:43:34.309] [INFO] Packet SQUARE_MESSENGER has spawn protection - skipping collision effects
[2025-09-15 18:43:34.313] [INFO] Packet SQUARE_MESSENGER has spawn protection - skipping collision effects
[2025-09-15 18:43:34.313] [INFO] Packet SQUARE_MESSENGER has spawn protection - skipping collision effects
[2025-09-15 18:43:34.313] [INFO] Packet SQUARE_MESSENGER has spawn protection - skipping collision effects
[2025-09-15 18:43:34.326] [INFO] Packet SQUARE_MESSENGER has spawn protection - skipping collision effects
[2025-09-15 18:43:34.326] [INFO] Packet SQUARE_MESSENGER has spawn protection - skipping collision effects
[2025-09-15 18:43:34.326] [INFO] Packet SQUARE_MESSENGER has spawn protection - skipping collision effects
[2025-09-15 18:43:34.326] [INFO] Packet SQUARE_MESSENGER has spawn protection - skipping collision effects
[2025-09-15 18:43:34.326] [INFO] Packet SQUARE_MESSENGER has spawn protection - skipping collision effects
[2025-09-15 18:43:34.326] [INFO] Packet SQUARE_MESSENGER has spawn protection - skipping collision effects
[2025-09-15 18:43:34.329] [INFO] Packet SQUARE_MESSENGER has spawn protection - skipping collision effects
[2025-09-15 18:43:34.329] [INFO] Packet SQUARE_MESSENGER has spawn protection - skipping collision effects
[2025-09-15 18:43:34.329] [INFO] Packet SQUARE_MESSENGER has spawn protection - skipping collision effects
[2025-09-15 18:43:34.333] [INFO] Packet SQUARE_MESSENGER has spawn protection - skipping collision effects
[2025-09-15 18:43:34.334] [INFO] Packet SQUARE_MESSENGER has spawn protection - skipping collision effects
[2025-09-15 18:43:34.334] [INFO] Packet SQUARE_MESSENGER has spawn protection - skipping collision effects
[2025-09-15 18:43:34.341] [INFO] Packet SQUARE_MESSENGER has spawn protection - skipping collision effects
[2025-09-15 18:43:34.341] [INFO] Packet SQUARE_MESSENGER has spawn protection - skipping collision effects
[2025-09-15 18:43:34.341] [INFO] Packet SQUARE_MESSENGER has spawn protection - skipping collision effects
[2025-09-15 18:43:34.343] [INFO] Packet SQUARE_MESSENGER has spawn protection - skipping collision effects
[2025-09-15 18:43:34.343] [INFO] Packet SQUARE_MESSENGER has spawn protection - skipping collision effects
[2025-09-15 18:43:34.343] [INFO] Packet SQUARE_MESSENGER has spawn protection - skipping collision effects
[2025-09-15 18:43:34.348] [INFO] Packet SQUARE_MESSENGER has spawn protection - skipping collision effects
[2025-09-15 18:43:34.349] [INFO] Packet SQUARE_MESSENGER has spawn protection - skipping collision effects
[2025-09-15 18:43:34.349] [INFO] Packet SQUARE_MESSENGER has spawn protection - skipping collision effects
[2025-09-15 18:43:34.353] [INFO] Packet SQUARE_MESSENGER has spawn protection - skipping collision effects
[2025-09-15 18:43:34.354] [INFO] Packet SQUARE_MESSENGER has spawn protection - skipping collision effects
[2025-09-15 18:43:34.354] [INFO] Packet SQUARE_MESSENGER has spawn protection - skipping collision effects
[2025-09-15 18:43:34.360] [INFO] Packet SQUARE_MESSENGER has spawn protection - skipping collision effects
[2025-09-15 18:43:34.360] [INFO] Packet SQUARE_MESSENGER has spawn protection - skipping collision effects
[2025-09-15 18:43:34.360] [INFO] Packet SQUARE_MESSENGER has spawn protection - skipping collision effects
[2025-09-15 18:43:34.363] [INFO] Packet SQUARE_MESSENGER has spawn protection - skipping collision effects
[2025-09-15 18:43:34.364] [INFO] Packet SQUARE_MESSENGER has spawn protection - skipping collision effects
[2025-09-15 18:43:34.364] [INFO] Packet SQUARE_MESSENGER has spawn protection - skipping collision effects
[2025-09-15 18:43:34.368] [INFO] Packet SQUARE_MESSENGER has spawn protection - skipping collision effects
[2025-09-15 18:43:34.369] [INFO] Packet SQUARE_MESSENGER has spawn protection - skipping collision effects
[2025-09-15 18:43:34.369] [INFO] Packet SQUARE_MESSENGER has spawn protection - skipping collision effects
[2025-09-15 18:43:34.373] [INFO] Packet SQUARE_MESSENGER has spawn protection - skipping collision effects
[2025-09-15 18:43:34.374] [INFO] Packet SQUARE_MESSENGER has spawn protection - skipping collision effects
[2025-09-15 18:43:34.374] [INFO] Packet SQUARE_MESSENGER has spawn protection - skipping collision effects
[2025-09-15 18:43:34.382] [INFO] Packet SQUARE_MESSENGER has spawn protection - skipping collision effects
[2025-09-15 18:43:34.382] [INFO] Packet SQUARE_MESSENGER has spawn protection - skipping collision effects
[2025-09-15 18:43:34.382] [INFO] Packet SQUARE_MESSENGER has spawn protection - skipping collision effects
[2025-09-15 18:43:34.383] [INFO] Packet SQUARE_MESSENGER has spawn protection - skipping collision effects
[2025-09-15 18:43:34.384] [INFO] Packet SQUARE_MESSENGER has spawn protection - skipping collision effects
[2025-09-15 18:43:34.384] [INFO] Packet SQUARE_MESSENGER has spawn protection - skipping collision effects
[2025-09-15 18:43:34.389] [INFO] Packet SQUARE_MESSENGER has spawn protection - skipping collision effects
[2025-09-15 18:43:34.389] [INFO] Packet SQUARE_MESSENGER has spawn protection - skipping collision effects
[2025-09-15 18:43:34.389] [INFO] Packet SQUARE_MESSENGER has spawn protection - skipping collision effects
[2025-09-15 18:43:34.393] [INFO] Packet SQUARE_MESSENGER has spawn protection - skipping collision effects
[2025-09-15 18:43:34.394] [INFO] Packet SQUARE_MESSENGER has spawn protection - skipping collision effects
[2025-09-15 18:43:34.394] [INFO] Packet SQUARE_MESSENGER has spawn protection - skipping collision effects
[2025-09-15 18:43:34.401] [INFO] Packet SQUARE_MESSENGER has spawn protection - skipping collision effects
[2025-09-15 18:43:34.401] [INFO] Packet SQUARE_MESSENGER has spawn protection - skipping collision effects
[2025-09-15 18:43:34.401] [INFO] Packet SQUARE_MESSENGER has spawn protection - skipping collision effects
[2025-09-15 18:43:34.425] [INFO] Successfully playing sound: boom.wav
[2025-09-15 18:43:34.425] [INFO] Successfully playing sound: boom.wav
[2025-09-15 18:43:34.753] [INFO] FPS: 117 | UPS: 195
[2025-09-15 18:43:34.972] [INFO] System moved - recalculating all wire lengths...
[2025-09-15 18:43:34.972] [INFO] Wire lengths recalculated. Total used: 390m
[2025-09-15 18:43:34.986] [INFO] System moved - recalculating all wire lengths...
[2025-09-15 18:43:34.986] [INFO] Wire lengths recalculated. Total used: 394m
[2025-09-15 18:43:35.016] [INFO] System moved - recalculating all wire lengths...
[2025-09-15 18:43:35.016] [INFO] Wire lengths recalculated. Total used: 417m
[2025-09-15 18:43:35.020] [INFO] System moved - recalculating all wire lengths...
[2025-09-15 18:43:35.020] [INFO] Wire lengths recalculated. Total used: 454m
[2025-09-15 18:43:35.036] [INFO] System moved - recalculating all wire lengths...
[2025-09-15 18:43:35.036] [INFO] Wire lengths recalculated. Total used: 500m
[2025-09-15 18:43:35.055] [INFO] System moved - recalculating all wire lengths...
[2025-09-15 18:43:35.055] [INFO] Wire lengths recalculated. Total used: 542m
[2025-09-15 18:43:35.068] [INFO] System moved - recalculating all wire lengths...
[2025-09-15 18:43:35.068] [INFO] Wire lengths recalculated. Total used: 581m
[2025-09-15 18:43:35.085] [INFO] System moved - recalculating all wire lengths...
[2025-09-15 18:43:35.085] [INFO] Wire lengths recalculated. Total used: 616m
[2025-09-15 18:43:35.114] [INFO] System moved - recalculating all wire lengths...
[2025-09-15 18:43:35.114] [INFO] Wire lengths recalculated. Total used: 637m
[2025-09-15 18:43:35.131] [INFO] System moved - recalculating all wire lengths...
[2025-09-15 18:43:35.131] [INFO] Wire lengths recalculated. Total used: 657m
[2025-09-15 18:43:35.140] [INFO] System moved - recalculating all wire lengths...
[2025-09-15 18:43:35.140] [INFO] Wire lengths recalculated. Total used: 673m
[2025-09-15 18:43:35.159] [INFO] System moved - recalculating all wire lengths...
[2025-09-15 18:43:35.159] [INFO] Wire lengths recalculated. Total used: 684m
[2025-09-15 18:43:35.172] [INFO] System moved - recalculating all wire lengths...
[2025-09-15 18:43:35.172] [INFO] Wire lengths recalculated. Total used: 692m
[2025-09-15 18:43:35.188] [INFO] System moved - recalculating all wire lengths...
[2025-09-15 18:43:35.189] [INFO] Wire lengths recalculated. Total used: 699m
[2025-09-15 18:43:35.202] [INFO] System moved - recalculating all wire lengths...
[2025-09-15 18:43:35.202] [INFO] Wire lengths recalculated. Total used: 706m
[2025-09-15 18:43:35.226] [INFO] System moved - recalculating all wire lengths...
[2025-09-15 18:43:35.226] [INFO] Wire lengths recalculated. Total used: 712m
[2025-09-15 18:43:35.239] [INFO] System moved - recalculating all wire lengths...
[2025-09-15 18:43:35.239] [INFO] Wire lengths recalculated. Total used: 718m
[2025-09-15 18:43:35.257] [INFO] System moved - recalculating all wire lengths...
[2025-09-15 18:43:35.257] [INFO] Wire lengths recalculated. Total used: 724m
[2025-09-15 18:43:35.269] [INFO] System moved - recalculating all wire lengths...
[2025-09-15 18:43:35.269] [INFO] Wire lengths recalculated. Total used: 728m
[2025-09-15 18:43:35.285] [INFO] System moved - recalculating all wire lengths...
[2025-09-15 18:43:35.285] [INFO] Wire lengths recalculated. Total used: 729m
[2025-09-15 18:43:35.303] [INFO] System moved - recalculating all wire lengths...
[2025-09-15 18:43:35.303] [INFO] Wire lengths recalculated. Total used: 731m
[2025-09-15 18:43:35.319] [INFO] System moved - recalculating all wire lengths...
[2025-09-15 18:43:35.319] [INFO] Wire lengths recalculated. Total used: 733m
[2025-09-15 18:43:35.342] [INFO] System moved - recalculating all wire lengths...
[2025-09-15 18:43:35.343] [INFO] Wire lengths recalculated. Total used: 737m
[2025-09-15 18:43:35.355] [INFO] System moved - recalculating all wire lengths...
[2025-09-15 18:43:35.355] [INFO] Wire lengths recalculated. Total used: 741m
[2025-09-15 18:43:35.384] [INFO] System moved - recalculating all wire lengths...
[2025-09-15 18:43:35.385] [INFO] Wire lengths recalculated. Total used: 747m
[2025-09-15 18:43:35.406] [INFO] System moved - recalculating all wire lengths...
[2025-09-15 18:43:35.406] [INFO] Wire lengths recalculated. Total used: 749m
[2025-09-15 18:43:35.428] [INFO] System moved - recalculating all wire lengths...
[2025-09-15 18:43:35.429] [INFO] Wire lengths recalculated. Total used: 750m
[2025-09-15 18:43:35.481] [INFO] System moved - recalculating all wire lengths...
[2025-09-15 18:43:35.481] [INFO] Wire lengths recalculated. Total used: 750m
[2025-09-15 18:43:35.491] [INFO] System moved - recalculating all wire lengths...
[2025-09-15 18:43:35.491] [INFO] Wire lengths recalculated. Total used: 751m
[2025-09-15 18:43:35.746] [INFO] FPS: 131 | UPS: 218
[2025-09-15 18:43:35.972] [INFO] === MANUAL PACKET SPAWN REQUESTED ===
[2025-09-15 18:43:35.972] [INFO] Found available spawner: dev.aminhashemi.blueprinthell.model.entities.systems.ReferenceSystem@66afe4a1 with connected outputs
[2025-09-15 18:43:35.972] [INFO] Available spawners: 1
[2025-09-15 18:43:35.972] [INFO] Selected spawner: dev.aminhashemi.blueprinthell.model.entities.systems.ReferenceSystem@66afe4a1
[2025-09-15 18:43:35.972] [INFO] Connected outputs: 1
[2025-09-15 18:43:35.972] [INFO] Selected port: SQUARE
[2025-09-15 18:43:35.972] [INFO] Packet SQUARE_MESSENGER spawned with spawn protection. Total packets: 1
[2025-09-15 18:43:35.972] [INFO] Packet path has 2 points
[2025-09-15 18:43:35.972] [INFO] === PACKET SPAWNED: SQUARE_MESSENGER ===
[2025-09-15 18:43:35.972] [INFO] Spawn cooldown active - skipping spawn request
[2025-09-15 18:43:36.746] [INFO] FPS: 120 | UPS: 200
[2025-09-15 18:43:37.135] [INFO] === MANUAL PACKET SPAWN REQUESTED ===
[2025-09-15 18:43:37.135] [INFO] Found available spawner: dev.aminhashemi.blueprinthell.model.entities.systems.ReferenceSystem@66afe4a1 with connected outputs
[2025-09-15 18:43:37.135] [INFO] Available spawners: 1
[2025-09-15 18:43:37.135] [INFO] Selected spawner: dev.aminhashemi.blueprinthell.model.entities.systems.ReferenceSystem@66afe4a1
[2025-09-15 18:43:37.135] [INFO] Connected outputs: 1
[2025-09-15 18:43:37.135] [INFO] Selected port: SQUARE
[2025-09-15 18:43:37.135] [INFO] Packet SQUARE_MESSENGER spawned with spawn protection. Total packets: 2
[2025-09-15 18:43:37.135] [INFO] Packet path has 2 points
[2025-09-15 18:43:37.135] [INFO] === PACKET SPAWNED: SQUARE_MESSENGER ===
[2025-09-15 18:43:37.135] [INFO] Spawn cooldown active - skipping spawn request
[2025-09-15 18:43:37.893] [INFO] FPS: 114 | UPS: 191
[2025-09-15 18:43:37.920] [INFO] Packet SQUARE_MESSENGER arrived at destination system
[2025-09-15 18:43:37.921] [INFO] Packet SQUARE_MESSENGER entered SpySystem at (960, 242)
[2025-09-15 18:43:37.921] [INFO] No other SpySystems available - routing packet normally
[2025-09-15 18:43:37.921] [INFO] Packet SQUARE_MESSENGER is stuck. No outgoing wires.
[2025-09-15 18:43:37.921] [INFO] Packet SQUARE_MESSENGER reached intermediate system - no coins added.
[2025-09-15 18:43:38.893] [INFO] FPS: 143 | UPS: 238
[2025-09-15 18:43:39.009] [INFO] Packet SQUARE_MESSENGER arrived at destination system
[2025-09-15 18:43:39.010] [INFO] Packet SQUARE_MESSENGER entered SpySystem at (960, 242)
[2025-09-15 18:43:39.010] [INFO] No other SpySystems available - routing packet normally
[2025-09-15 18:43:39.012] [INFO] Packet SQUARE_MESSENGER is stuck. No outgoing wires.
[2025-09-15 18:43:39.012] [INFO] Packet SQUARE_MESSENGER reached intermediate system - no coins added.
[2025-09-15 18:43:39.203] [INFO] Game state cleared
[2025-09-15 18:43:39.203] [INFO] SpySystem at (300, 300) is now active
[2025-09-15 18:43:39.203] [INFO] SpySystem at (960, 242) is now active
[2025-09-15 18:43:39.203] [INFO] SpySystem at (750, 400) is now active
[2025-09-15 18:43:39.893] [INFO] FPS: 120 | UPS: 200
[2025-09-15 18:43:40.367] [INFO] Game state cleared
[2025-09-15 18:43:40.367] [INFO] SpySystem at (300, 300) is now active
[2025-09-15 18:43:40.367] [INFO] SpySystem at (960, 242) is now active
[2025-09-15 18:43:40.367] [INFO] SpySystem at (750, 400) is now active
[2025-09-15 18:43:40.465] [INFO] Game state cleared
[2025-09-15 18:43:40.465] [INFO] SpySystem at (300, 300) is now active
[2025-09-15 18:43:40.465] [INFO] SpySystem at (960, 242) is now active
[2025-09-15 18:43:40.465] [INFO] SpySystem at (750, 400) is now active
[2025-09-15 18:43:40.569] [INFO] Game state cleared
[2025-09-15 18:43:40.569] [INFO] SpySystem at (300, 300) is now active
[2025-09-15 18:43:40.569] [INFO] SpySystem at (960, 242) is now active
[2025-09-15 18:43:40.569] [INFO] SpySystem at (750, 400) is now active
[2025-09-15 18:43:40.669] [INFO] Game state cleared
[2025-09-15 18:43:40.670] [INFO] SpySystem at (300, 300) is now active
[2025-09-15 18:43:40.670] [INFO] SpySystem at (960, 242) is now active
[2025-09-15 18:43:40.670] [INFO] SpySystem at (750, 400) is now active
[2025-09-15 18:43:40.769] [INFO] Game state cleared
[2025-09-15 18:43:40.769] [INFO] SpySystem at (300, 300) is now active
[2025-09-15 18:43:40.769] [INFO] SpySystem at (960, 242) is now active
[2025-09-15 18:43:40.769] [INFO] SpySystem at (750, 400) is now active
[2025-09-15 18:43:40.869] [INFO] Game state cleared
[2025-09-15 18:43:40.869] [INFO] SpySystem at (300, 300) is now active
[2025-09-15 18:43:40.869] [INFO] SpySystem at (960, 242) is now active
[2025-09-15 18:43:40.869] [INFO] SpySystem at (750, 400) is now active
[2025-09-15 18:43:40.893] [INFO] FPS: 120 | UPS: 200
[2025-09-15 18:43:40.969] [INFO] Game state cleared
[2025-09-15 18:43:40.969] [INFO] SpySystem at (300, 300) is now active
[2025-09-15 18:43:40.969] [INFO] SpySystem at (960, 242) is now active
[2025-09-15 18:43:40.969] [INFO] SpySystem at (750, 400) is now active
[2025-09-15 18:43:41.069] [INFO] Game state cleared
[2025-09-15 18:43:41.069] [INFO] SpySystem at (300, 300) is now active
[2025-09-15 18:43:41.069] [INFO] SpySystem at (960, 242) is now active
[2025-09-15 18:43:41.069] [INFO] SpySystem at (750, 400) is now active
[2025-09-15 18:43:41.169] [INFO] Game state cleared
[2025-09-15 18:43:41.169] [INFO] SpySystem at (300, 300) is now active
[2025-09-15 18:43:41.169] [INFO] SpySystem at (960, 242) is now active
[2025-09-15 18:43:41.169] [INFO] SpySystem at (750, 400) is now active
[2025-09-15 18:43:41.269] [INFO] Game state cleared
[2025-09-15 18:43:41.270] [INFO] SpySystem at (300, 300) is now active
[2025-09-15 18:43:41.270] [INFO] SpySystem at (960, 242) is now active
[2025-09-15 18:43:41.270] [INFO] SpySystem at (750, 400) is now active
[2025-09-15 18:43:41.370] [INFO] Game state cleared
[2025-09-15 18:43:41.371] [INFO] SpySystem at (300, 300) is now active
[2025-09-15 18:43:41.371] [INFO] SpySystem at (960, 242) is now active
[2025-09-15 18:43:41.371] [INFO] SpySystem at (750, 400) is now active
[2025-09-15 18:43:41.472] [INFO] Game state cleared
[2025-09-15 18:43:41.472] [INFO] SpySystem at (300, 300) is now active
[2025-09-15 18:43:41.472] [INFO] SpySystem at (960, 242) is now active
[2025-09-15 18:43:41.472] [INFO] SpySystem at (750, 400) is now active
[2025-09-15 18:43:41.569] [INFO] Game state cleared
[2025-09-15 18:43:41.569] [INFO] SpySystem at (300, 300) is now active
[2025-09-15 18:43:41.569] [INFO] SpySystem at (960, 242) is now active
[2025-09-15 18:43:41.569] [INFO] SpySystem at (750, 400) is now active
[2025-09-15 18:43:41.669] [INFO] Game state cleared
[2025-09-15 18:43:41.669] [INFO] SpySystem at (300, 300) is now active
[2025-09-15 18:43:41.669] [INFO] SpySystem at (960, 242) is now active
[2025-09-15 18:43:41.669] [INFO] SpySystem at (750, 400) is now active
[2025-09-15 18:43:41.771] [INFO] Game state cleared
[2025-09-15 18:43:41.771] [INFO] SpySystem at (300, 300) is now active
[2025-09-15 18:43:41.771] [INFO] SpySystem at (960, 242) is now active
[2025-09-15 18:43:41.771] [INFO] SpySystem at (750, 400) is now active
[2025-09-15 18:43:41.870] [INFO] Game state cleared
[2025-09-15 18:43:41.870] [INFO] SpySystem at (300, 300) is now active
[2025-09-15 18:43:41.870] [INFO] SpySystem at (960, 242) is now active
[2025-09-15 18:43:41.871] [INFO] SpySystem at (750, 400) is now active
[2025-09-15 18:43:41.893] [INFO] FPS: 120 | UPS: 200
[2025-09-15 18:43:41.969] [INFO] Game state cleared
[2025-09-15 18:43:41.969] [INFO] SpySystem at (300, 300) is now active
[2025-09-15 18:43:41.969] [INFO] SpySystem at (960, 242) is now active
[2025-09-15 18:43:41.969] [INFO] SpySystem at (750, 400) is now active
[2025-09-15 18:43:42.069] [INFO] Game state cleared
[2025-09-15 18:43:42.069] [INFO] SpySystem at (300, 300) is now active
[2025-09-15 18:43:42.069] [INFO] SpySystem at (960, 242) is now active
[2025-09-15 18:43:42.069] [INFO] SpySystem at (750, 400) is now active
[2025-09-15 18:43:42.169] [INFO] Game state cleared
[2025-09-15 18:43:42.169] [INFO] SpySystem at (300, 300) is now active
[2025-09-15 18:43:42.169] [INFO] SpySystem at (960, 242) is now active
[2025-09-15 18:43:42.169] [INFO] SpySystem at (750, 400) is now active
[2025-09-15 18:43:42.269] [INFO] Game state cleared
[2025-09-15 18:43:42.270] [INFO] SpySystem at (300, 300) is now active
[2025-09-15 18:43:42.270] [INFO] SpySystem at (960, 242) is now active
[2025-09-15 18:43:42.270] [INFO] SpySystem at (750, 400) is now active
[2025-09-15 18:43:42.369] [INFO] Game state cleared
[2025-09-15 18:43:42.370] [INFO] SpySystem at (300, 300) is now active
[2025-09-15 18:43:42.370] [INFO] SpySystem at (960, 242) is now active
[2025-09-15 18:43:42.370] [INFO] SpySystem at (750, 400) is now active
[2025-09-15 18:43:42.470] [INFO] Game state cleared
[2025-09-15 18:43:42.470] [INFO] SpySystem at (300, 300) is now active
[2025-09-15 18:43:42.470] [INFO] SpySystem at (960, 242) is now active
[2025-09-15 18:43:42.470] [INFO] SpySystem at (750, 400) is now active
[2025-09-15 18:43:42.569] [INFO] Game state cleared
[2025-09-15 18:43:42.569] [INFO] SpySystem at (300, 300) is now active
[2025-09-15 18:43:42.569] [INFO] SpySystem at (960, 242) is now active
[2025-09-15 18:43:42.569] [INFO] SpySystem at (750, 400) is now active
[2025-09-15 18:43:42.669] [INFO] Game state cleared
[2025-09-15 18:43:42.670] [INFO] SpySystem at (300, 300) is now active
[2025-09-15 18:43:42.670] [INFO] SpySystem at (960, 242) is now active
[2025-09-15 18:43:42.670] [INFO] SpySystem at (750, 400) is now active
[2025-09-15 18:43:42.770] [INFO] Game state cleared
[2025-09-15 18:43:42.770] [INFO] SpySystem at (300, 300) is now active
[2025-09-15 18:43:42.770] [INFO] SpySystem at (960, 242) is now active
[2025-09-15 18:43:42.770] [INFO] SpySystem at (750, 400) is now active
[2025-09-15 18:43:42.869] [INFO] Game state cleared
[2025-09-15 18:43:42.869] [INFO] SpySystem at (300, 300) is now active
[2025-09-15 18:43:42.869] [INFO] SpySystem at (960, 242) is now active
[2025-09-15 18:43:42.869] [INFO] SpySystem at (750, 400) is now active
[2025-09-15 18:43:42.893] [INFO] FPS: 120 | UPS: 200
[2025-09-15 18:43:42.969] [INFO] Game state cleared
[2025-09-15 18:43:42.969] [INFO] SpySystem at (300, 300) is now active
[2025-09-15 18:43:42.969] [INFO] SpySystem at (960, 242) is now active
[2025-09-15 18:43:42.969] [INFO] SpySystem at (750, 400) is now active
[2025-09-15 18:43:43.069] [INFO] Game state cleared
[2025-09-15 18:43:43.069] [INFO] SpySystem at (300, 300) is now active
[2025-09-15 18:43:43.069] [INFO] SpySystem at (960, 242) is now active
[2025-09-15 18:43:43.069] [INFO] SpySystem at (750, 400) is now active
[2025-09-15 18:43:43.169] [INFO] Game state cleared
[2025-09-15 18:43:43.169] [INFO] SpySystem at (300, 300) is now active
[2025-09-15 18:43:43.169] [INFO] SpySystem at (960, 242) is now active
[2025-09-15 18:43:43.169] [INFO] SpySystem at (750, 400) is now active
[2025-09-15 18:43:43.269] [INFO] Game state cleared
[2025-09-15 18:43:43.269] [INFO] SpySystem at (300, 300) is now active
[2025-09-15 18:43:43.269] [INFO] SpySystem at (960, 242) is now active
[2025-09-15 18:43:43.269] [INFO] SpySystem at (750, 400) is now active
[2025-09-15 18:43:43.369] [INFO] Game state cleared
[2025-09-15 18:43:43.369] [INFO] SpySystem at (300, 300) is now active
[2025-09-15 18:43:43.369] [INFO] SpySystem at (960, 242) is now active
[2025-09-15 18:43:43.369] [INFO] SpySystem at (750, 400) is now active
[2025-09-15 18:43:43.470] [INFO] Game state cleared
[2025-09-15 18:43:43.470] [INFO] SpySystem at (300, 300) is now active
[2025-09-15 18:43:43.470] [INFO] SpySystem at (960, 242) is now active
[2025-09-15 18:43:43.470] [INFO] SpySystem at (750, 400) is now active
[2025-09-15 18:43:43.570] [INFO] Game state cleared
[2025-09-15 18:43:43.570] [INFO] SpySystem at (300, 300) is now active
[2025-09-15 18:43:43.570] [INFO] SpySystem at (960, 242) is now active
[2025-09-15 18:43:43.570] [INFO] SpySystem at (750, 400) is now active
[2025-09-15 18:43:43.669] [INFO] Game state cleared
[2025-09-15 18:43:43.669] [INFO] SpySystem at (300, 300) is now active
[2025-09-15 18:43:43.669] [INFO] SpySystem at (960, 242) is now active
[2025-09-15 18:43:43.669] [INFO] SpySystem at (750, 400) is now active
[2025-09-15 18:43:43.769] [INFO] Game state cleared
[2025-09-15 18:43:43.769] [INFO] SpySystem at (300, 300) is now active
[2025-09-15 18:43:43.769] [INFO] SpySystem at (960, 242) is now active
[2025-09-15 18:43:43.769] [INFO] SpySystem at (750, 400) is now active
[2025-09-15 18:43:43.869] [INFO] Game state cleared
[2025-09-15 18:43:43.869] [INFO] SpySystem at (300, 300) is now active
[2025-09-15 18:43:43.869] [INFO] SpySystem at (960, 242) is now active
[2025-09-15 18:43:43.869] [INFO] SpySystem at (750, 400) is now active
[2025-09-15 18:43:43.893] [INFO] FPS: 120 | UPS: 200
[2025-09-15 18:43:43.969] [INFO] Game state cleared
[2025-09-15 18:43:43.970] [INFO] SpySystem at (300, 300) is now active
[2025-09-15 18:43:43.970] [INFO] SpySystem at (960, 242) is now active
[2025-09-15 18:43:43.970] [INFO] SpySystem at (750, 400) is now active
[2025-09-15 18:43:44.069] [INFO] Game state cleared
[2025-09-15 18:43:44.069] [INFO] SpySystem at (300, 300) is now active
[2025-09-15 18:43:44.069] [INFO] SpySystem at (960, 242) is now active
[2025-09-15 18:43:44.069] [INFO] SpySystem at (750, 400) is now active
[2025-09-15 18:43:44.169] [INFO] Game state cleared
[2025-09-15 18:43:44.169] [INFO] SpySystem at (300, 300) is now active
[2025-09-15 18:43:44.169] [INFO] SpySystem at (960, 242) is now active
[2025-09-15 18:43:44.169] [INFO] SpySystem at (750, 400) is now active
[2025-09-15 18:43:44.269] [INFO] Game state cleared
[2025-09-15 18:43:44.269] [INFO] SpySystem at (300, 300) is now active
[2025-09-15 18:43:44.269] [INFO] SpySystem at (960, 242) is now active
[2025-09-15 18:43:44.269] [INFO] SpySystem at (750, 400) is now active
[2025-09-15 18:43:44.369] [INFO] Game state cleared
[2025-09-15 18:43:44.369] [INFO] SpySystem at (300, 300) is now active
[2025-09-15 18:43:44.369] [INFO] SpySystem at (960, 242) is now active
[2025-09-15 18:43:44.369] [INFO] SpySystem at (750, 400) is now active
[2025-09-15 18:43:44.469] [INFO] Game state cleared
[2025-09-15 18:43:44.469] [INFO] SpySystem at (300, 300) is now active
[2025-09-15 18:43:44.469] [INFO] SpySystem at (960, 242) is now active
[2025-09-15 18:43:44.469] [INFO] SpySystem at (750, 400) is now active
[2025-09-15 18:43:44.569] [INFO] Game state cleared
[2025-09-15 18:43:44.569] [INFO] SpySystem at (300, 300) is now active
[2025-09-15 18:43:44.569] [INFO] SpySystem at (960, 242) is now active
[2025-09-15 18:43:44.569] [INFO] SpySystem at (750, 400) is now active
[2025-09-15 18:43:44.669] [INFO] Game state cleared
[2025-09-15 18:43:44.669] [INFO] SpySystem at (300, 300) is now active
[2025-09-15 18:43:44.669] [INFO] SpySystem at (960, 242) is now active
[2025-09-15 18:43:44.669] [INFO] SpySystem at (750, 400) is now active
[2025-09-15 18:43:44.769] [INFO] Game state cleared
[2025-09-15 18:43:44.769] [INFO] SpySystem at (300, 300) is now active
[2025-09-15 18:43:44.769] [INFO] SpySystem at (960, 242) is now active
[2025-09-15 18:43:44.769] [INFO] SpySystem at (750, 400) is now active
[2025-09-15 18:43:44.869] [INFO] Game state cleared
[2025-09-15 18:43:44.869] [INFO] SpySystem at (300, 300) is now active
[2025-09-15 18:43:44.869] [INFO] SpySystem at (960, 242) is now active
[2025-09-15 18:43:44.869] [INFO] SpySystem at (750, 400) is now active
[2025-09-15 18:43:44.893] [INFO] FPS: 120 | UPS: 200
[2025-09-15 18:43:44.969] [INFO] Game state cleared
[2025-09-15 18:43:44.969] [INFO] SpySystem at (300, 300) is now active
[2025-09-15 18:43:44.969] [INFO] SpySystem at (960, 242) is now active
[2025-09-15 18:43:44.969] [INFO] SpySystem at (750, 400) is now active
[2025-09-15 20:12:14.884] [INFO] Spy network established with 3 SpySystems
[2025-09-15 20:12:14.887] [WARNING] Cannot create wire: system not found. Start: ref_sys_A, End: spy_sys_1
[2025-09-15 20:12:14.888] [WARNING] Cannot create wire: system not found. Start: spy_sys_1, End: spy_sys_2
[2025-09-15 20:12:14.888] [WARNING] Cannot create wire: system not found. Start: spy_sys_2, End: spy_sys_3
[2025-09-15 20:12:14.888] [WARNING] Cannot create wire: system not found. Start: spy_sys_3, End: ref_sys_B
[2025-09-15 20:12:14.888] [WARNING] Cannot create wire: system not found. Start: ref_sys_A, End: vpn_sys
[2025-09-15 20:12:14.888] [WARNING] Cannot create wire: system not found. Start: vpn_sys, End: ref_sys_B
[2025-09-15 20:12:14.888] [INFO] Loaded 0 wires from level data
[2025-09-15 20:12:14.888] [INFO] Wire callbacks set up for 0 wires
[2025-09-15 20:12:17.066] [INFO] FPS: 119 | UPS: 199
[2025-09-15 20:12:18.066] [INFO] FPS: 120 | UPS: 200
[2025-09-15 20:12:19.066] [INFO] FPS: 120 | UPS: 200
[2025-09-15 20:12:20.066] [INFO] FPS: 120 | UPS: 200
[2025-09-15 20:12:20.581] [INFO] Wire created with length: 390m. Total used: 390m
[2025-09-15 20:12:20.581] [INFO] Wire created successfully
[2025-09-15 20:12:21.066] [INFO] FPS: 120 | UPS: 200
[2025-09-15 20:12:21.068] [INFO] === MANUAL PACKET SPAWN REQUESTED ===
[2025-09-15 20:12:21.069] [INFO] Found available spawner: dev.aminhashemi.blueprinthell.model.entities.systems.ReferenceSystem@5bf391aa with connected outputs
[2025-09-15 20:12:21.069] [INFO] Available spawners: 1
[2025-09-15 20:12:21.069] [INFO] Selected spawner: dev.aminhashemi.blueprinthell.model.entities.systems.ReferenceSystem@5bf391aa
[2025-09-15 20:12:21.069] [INFO] Connected outputs: 1
[2025-09-15 20:12:21.069] [INFO] Selected port: SQUARE
[2025-09-15 20:12:21.072] [INFO] Packet SQUARE_MESSENGER spawned with spawn protection. Total packets: 1
[2025-09-15 20:12:21.072] [INFO] Packet path has 2 points
[2025-09-15 20:12:21.072] [INFO] === PACKET SPAWNED: SQUARE_MESSENGER ===
[2025-09-15 20:12:21.072] [INFO] Spawn cooldown active - skipping spawn request
[2025-09-15 20:12:22.092] [INFO] FPS: 116 | UPS: 192
[2025-09-15 20:12:22.094] [INFO] Packet SQUARE_MESSENGER arrived at destination system
[2025-09-15 20:12:22.095] [INFO] Packet SQUARE_MESSENGER entered SpySystem at (600, 200)
[2025-09-15 20:12:22.098] [INFO] Packet teleported from SpySystem (600, 200) to (750, 400)
[2025-09-15 20:12:22.099] [INFO] Coins added: +2. Total coins: 2
[2025-09-15 20:12:22.100] [INFO] Packet SQUARE_MESSENGER is stuck. No outgoing wires.
[2025-09-15 20:12:22.100] [INFO] Packet SQUARE_MESSENGER reached intermediate system - no coins added.
[2025-09-15 20:12:23.092] [INFO] FPS: 128 | UPS: 214
[2025-09-15 20:12:24.092] [INFO] FPS: 120 | UPS: 200
[2025-09-15 20:12:24.432] [INFO] Wire created with length: 108m. Total used: 498m
[2025-09-15 20:12:24.432] [INFO] Wire created successfully
[2025-09-15 20:12:24.964] [INFO] === MANUAL PACKET SPAWN REQUESTED ===
[2025-09-15 20:12:24.964] [INFO] Found available spawner: dev.aminhashemi.blueprinthell.model.entities.systems.ReferenceSystem@5bf391aa with connected outputs
[2025-09-15 20:12:24.964] [INFO] Available spawners: 1
[2025-09-15 20:12:24.964] [INFO] Selected spawner: dev.aminhashemi.blueprinthell.model.entities.systems.ReferenceSystem@5bf391aa
[2025-09-15 20:12:24.964] [INFO] Connected outputs: 1
[2025-09-15 20:12:24.964] [INFO] Selected port: SQUARE
[2025-09-15 20:12:24.964] [INFO] Packet SQUARE_MESSENGER spawned with spawn protection. Total packets: 1
[2025-09-15 20:12:24.964] [INFO] Packet path has 2 points
[2025-09-15 20:12:24.964] [INFO] === PACKET SPAWNED: SQUARE_MESSENGER ===
[2025-09-15 20:12:24.964] [INFO] Spawn cooldown active - skipping spawn request
[2025-09-15 20:12:25.092] [INFO] FPS: 120 | UPS: 200
[2025-09-15 20:12:25.941] [INFO] Packet SQUARE_MESSENGER arrived at destination system
[2025-09-15 20:12:25.942] [INFO] Packet SQUARE_MESSENGER entered SpySystem at (600, 200)
[2025-09-15 20:12:25.942] [INFO] Packet teleported from SpySystem (600, 200) to (750, 400)
[2025-09-15 20:12:25.942] [INFO] Coins added: +2. Total coins: 4
[2025-09-15 20:12:25.945] [DEBUG] Applied port compatibility: SQUARE_MESSENGER compatible=true speed=1.0 acceleration=0.0
[2025-09-15 20:12:25.945] [INFO] Packet SQUARE_MESSENGER reached intermediate system - no coins added.
[2025-09-15 20:12:26.093] [INFO] FPS: 120 | UPS: 200
[2025-09-15 20:12:26.296] [INFO] Packet SQUARE_MESSENGER arrived at destination system
[2025-09-15 20:12:26.297] [INFO] Packet SQUARE_MESSENGER returned home.
[2025-09-15 20:12:26.297] [INFO] Packet SQUARE_MESSENGER reached END reference system! Coins added.
[2025-09-15 20:12:26.886] [INFO] === MANUAL PACKET SPAWN REQUESTED ===
[2025-09-15 20:12:26.887] [INFO] Found available spawner: dev.aminhashemi.blueprinthell.model.entities.systems.ReferenceSystem@5bf391aa with connected outputs
[2025-09-15 20:12:26.887] [INFO] Available spawners: 1
[2025-09-15 20:12:26.887] [INFO] Selected spawner: dev.aminhashemi.blueprinthell.model.entities.systems.ReferenceSystem@5bf391aa
[2025-09-15 20:12:26.887] [INFO] Connected outputs: 1
[2025-09-15 20:12:26.887] [INFO] Selected port: SQUARE
[2025-09-15 20:12:26.887] [INFO] Packet SQUARE_MESSENGER spawned with spawn protection. Total packets: 1
[2025-09-15 20:12:26.887] [INFO] Packet path has 2 points
[2025-09-15 20:12:26.887] [INFO] === PACKET SPAWNED: SQUARE_MESSENGER ===
[2025-09-15 20:12:26.887] [INFO] Spawn cooldown active - skipping spawn request
[2025-09-15 20:12:27.093] [INFO] FPS: 120 | UPS: 200
[2025-09-15 20:12:27.486] [INFO] Wire path changed - updating length...
[2025-09-15 20:12:27.486] [WARNING] Original length not found for wire: null
[2025-09-15 20:12:27.486] [INFO] Wire path changed - updating length...
[2025-09-15 20:12:27.486] [WARNING] Original length not found for wire: null
[2025-09-15 20:12:27.486] [INFO] System moved - recalculating all wire lengths...
[2025-09-15 20:12:27.486] [INFO] Wire lengths recalculated. Total used: 498m
[2025-09-15 20:12:27.498] [INFO] Wire path changed - updating length...
[2025-09-15 20:12:27.498] [WARNING] Original length not found for wire: null
[2025-09-15 20:12:27.498] [INFO] Wire path changed - updating length...
[2025-09-15 20:12:27.498] [WARNING] Original length not found for wire: null
[2025-09-15 20:12:27.498] [INFO] System moved - recalculating all wire lengths...
[2025-09-15 20:12:27.498] [INFO] Wire lengths recalculated. Total used: 503m
[2025-09-15 20:12:27.513] [INFO] Wire path changed - updating length...
[2025-09-15 20:12:27.513] [WARNING] Original length not found for wire: null
[2025-09-15 20:12:27.513] [INFO] Wire path changed - updating length...
[2025-09-15 20:12:27.513] [WARNING] Original length not found for wire: null
[2025-09-15 20:12:27.513] [INFO] System moved - recalculating all wire lengths...
[2025-09-15 20:12:27.513] [INFO] Wire lengths recalculated. Total used: 514m
[2025-09-15 20:12:27.533] [INFO] Wire path changed - updating length...
[2025-09-15 20:12:27.534] [WARNING] Original length not found for wire: null
[2025-09-15 20:12:27.534] [INFO] Wire path changed - updating length...
[2025-09-15 20:12:27.534] [WARNING] Original length not found for wire: null
[2025-09-15 20:12:27.534] [INFO] System moved - recalculating all wire lengths...
[2025-09-15 20:12:27.534] [INFO] Wire lengths recalculated. Total used: 527m
[2025-09-15 20:12:27.546] [INFO] Wire path changed - updating length...
[2025-09-15 20:12:27.546] [WARNING] Original length not found for wire: null
[2025-09-15 20:12:27.546] [INFO] Wire path changed - updating length...
[2025-09-15 20:12:27.546] [WARNING] Original length not found for wire: null
[2025-09-15 20:12:27.546] [INFO] System moved - recalculating all wire lengths...
[2025-09-15 20:12:27.546] [INFO] Wire lengths recalculated. Total used: 543m
[2025-09-15 20:12:27.563] [INFO] Wire path changed - updating length...
[2025-09-15 20:12:27.563] [WARNING] Original length not found for wire: null
[2025-09-15 20:12:27.563] [INFO] Wire path changed - updating length...
[2025-09-15 20:12:27.563] [WARNING] Original length not found for wire: null
[2025-09-15 20:12:27.563] [INFO] System moved - recalculating all wire lengths...
[2025-09-15 20:12:27.563] [INFO] Wire lengths recalculated. Total used: 557m
[2025-09-15 20:12:27.580] [INFO] Wire path changed - updating length...
[2025-09-15 20:12:27.580] [WARNING] Original length not found for wire: null
[2025-09-15 20:12:27.580] [INFO] Wire path changed - updating length...
[2025-09-15 20:12:27.580] [WARNING] Original length not found for wire: null
[2025-09-15 20:12:27.580] [INFO] System moved - recalculating all wire lengths...
[2025-09-15 20:12:27.580] [INFO] Wire lengths recalculated. Total used: 569m
[2025-09-15 20:12:27.596] [INFO] Wire path changed - updating length...
[2025-09-15 20:12:27.596] [WARNING] Original length not found for wire: null
[2025-09-15 20:12:27.596] [INFO] Wire path changed - updating length...
[2025-09-15 20:12:27.596] [WARNING] Original length not found for wire: null
[2025-09-15 20:12:27.596] [INFO] System moved - recalculating all wire lengths...
[2025-09-15 20:12:27.596] [INFO] Wire lengths recalculated. Total used: 578m
[2025-09-15 20:12:27.614] [INFO] Wire path changed - updating length...
[2025-09-15 20:12:27.614] [WARNING] Original length not found for wire: null
[2025-09-15 20:12:27.614] [INFO] Wire path changed - updating length...
[2025-09-15 20:12:27.614] [WARNING] Original length not found for wire: null
[2025-09-15 20:12:27.614] [INFO] System moved - recalculating all wire lengths...
[2025-09-15 20:12:27.614] [INFO] Wire lengths recalculated. Total used: 586m
[2025-09-15 20:12:27.630] [INFO] Wire path changed - updating length...
[2025-09-15 20:12:27.630] [WARNING] Original length not found for wire: null
[2025-09-15 20:12:27.630] [INFO] Wire path changed - updating length...
[2025-09-15 20:12:27.630] [WARNING] Original length not found for wire: null
[2025-09-15 20:12:27.630] [INFO] System moved - recalculating all wire lengths...
[2025-09-15 20:12:27.630] [INFO] Wire lengths recalculated. Total used: 596m
[2025-09-15 20:12:27.645] [INFO] Wire path changed - updating length...
[2025-09-15 20:12:27.645] [WARNING] Original length not found for wire: null
[2025-09-15 20:12:27.645] [INFO] Wire path changed - updating length...
[2025-09-15 20:12:27.645] [WARNING] Original length not found for wire: null
[2025-09-15 20:12:27.645] [INFO] System moved - recalculating all wire lengths...
[2025-09-15 20:12:27.645] [INFO] Wire lengths recalculated. Total used: 610m
[2025-09-15 20:12:27.670] [INFO] Wire path changed - updating length...
[2025-09-15 20:12:27.671] [WARNING] Original length not found for wire: null
[2025-09-15 20:12:27.671] [INFO] Wire path changed - updating length...
[2025-09-15 20:12:27.671] [WARNING] Original length not found for wire: null
[2025-09-15 20:12:27.671] [INFO] System moved - recalculating all wire lengths...
[2025-09-15 20:12:27.671] [INFO] Wire lengths recalculated. Total used: 626m
[2025-09-15 20:12:27.681] [INFO] Wire path changed - updating length...
[2025-09-15 20:12:27.682] [WARNING] Original length not found for wire: null
[2025-09-15 20:12:27.682] [INFO] Wire path changed - updating length...
[2025-09-15 20:12:27.682] [WARNING] Original length not found for wire: null
[2025-09-15 20:12:27.682] [INFO] System moved - recalculating all wire lengths...
[2025-09-15 20:12:27.682] [INFO] Wire lengths recalculated. Total used: 640m
[2025-09-15 20:12:27.697] [INFO] Wire path changed - updating length...
[2025-09-15 20:12:27.697] [WARNING] Original length not found for wire: null
[2025-09-15 20:12:27.697] [INFO] Wire path changed - updating length...
[2025-09-15 20:12:27.697] [WARNING] Original length not found for wire: null
[2025-09-15 20:12:27.697] [INFO] System moved - recalculating all wire lengths...
[2025-09-15 20:12:27.697] [INFO] Wire lengths recalculated. Total used: 654m
[2025-09-15 20:12:27.713] [INFO] Wire path changed - updating length...
[2025-09-15 20:12:27.713] [WARNING] Original length not found for wire: null
[2025-09-15 20:12:27.713] [INFO] Wire path changed - updating length...
[2025-09-15 20:12:27.713] [WARNING] Original length not found for wire: null
[2025-09-15 20:12:27.713] [INFO] System moved - recalculating all wire lengths...
[2025-09-15 20:12:27.713] [INFO] Wire lengths recalculated. Total used: 667m
[2025-09-15 20:12:27.731] [INFO] Wire path changed - updating length...
[2025-09-15 20:12:27.731] [WARNING] Original length not found for wire: null
[2025-09-15 20:12:27.731] [INFO] Wire path changed - updating length...
[2025-09-15 20:12:27.731] [WARNING] Original length not found for wire: null
[2025-09-15 20:12:27.731] [INFO] System moved - recalculating all wire lengths...
[2025-09-15 20:12:27.731] [INFO] Wire lengths recalculated. Total used: 678m
[2025-09-15 20:12:27.746] [INFO] Wire path changed - updating length...
[2025-09-15 20:12:27.746] [WARNING] Original length not found for wire: null
[2025-09-15 20:12:27.746] [INFO] Wire path changed - updating length...
[2025-09-15 20:12:27.746] [WARNING] Original length not found for wire: null
[2025-09-15 20:12:27.746] [INFO] System moved - recalculating all wire lengths...
[2025-09-15 20:12:27.746] [INFO] Wire lengths recalculated. Total used: 689m
[2025-09-15 20:12:27.770] [INFO] Wire path changed - updating length...
[2025-09-15 20:12:27.770] [WARNING] Original length not found for wire: null
[2025-09-15 20:12:27.770] [INFO] Wire path changed - updating length...
[2025-09-15 20:12:27.770] [WARNING] Original length not found for wire: null
[2025-09-15 20:12:27.770] [INFO] System moved - recalculating all wire lengths...
[2025-09-15 20:12:27.770] [INFO] Wire lengths recalculated. Total used: 700m
[2025-09-15 20:12:27.784] [INFO] Wire path changed - updating length...
[2025-09-15 20:12:27.784] [WARNING] Original length not found for wire: null
[2025-09-15 20:12:27.784] [INFO] Wire path changed - updating length...
[2025-09-15 20:12:27.784] [WARNING] Original length not found for wire: null
[2025-09-15 20:12:27.784] [INFO] System moved - recalculating all wire lengths...
[2025-09-15 20:12:27.784] [INFO] Wire lengths recalculated. Total used: 708m
[2025-09-15 20:12:27.801] [INFO] Wire path changed - updating length...
[2025-09-15 20:12:27.801] [WARNING] Original length not found for wire: null
[2025-09-15 20:12:27.801] [INFO] Wire path changed - updating length...
[2025-09-15 20:12:27.801] [WARNING] Original length not found for wire: null
[2025-09-15 20:12:27.801] [INFO] System moved - recalculating all wire lengths...
[2025-09-15 20:12:27.801] [INFO] Wire lengths recalculated. Total used: 714m
[2025-09-15 20:12:27.817] [INFO] Wire path changed - updating length...
[2025-09-15 20:12:27.817] [WARNING] Original length not found for wire: null
[2025-09-15 20:12:27.817] [INFO] Wire path changed - updating length...
[2025-09-15 20:12:27.817] [WARNING] Original length not found for wire: null
[2025-09-15 20:12:27.817] [INFO] System moved - recalculating all wire lengths...
[2025-09-15 20:12:27.817] [INFO] Wire lengths recalculated. Total used: 716m
[2025-09-15 20:12:27.831] [INFO] Wire path changed - updating length...
[2025-09-15 20:12:27.831] [WARNING] Original length not found for wire: null
[2025-09-15 20:12:27.831] [INFO] Wire path changed - updating length...
[2025-09-15 20:12:27.831] [WARNING] Original length not found for wire: null
[2025-09-15 20:12:27.831] [INFO] System moved - recalculating all wire lengths...
[2025-09-15 20:12:27.831] [INFO] Wire lengths recalculated. Total used: 717m
[2025-09-15 20:12:27.873] [INFO] Packet SQUARE_MESSENGER arrived at destination system
[2025-09-15 20:12:27.873] [INFO] Packet SQUARE_MESSENGER entered SpySystem at (600, 200)
[2025-09-15 20:12:27.873] [INFO] Packet teleported from SpySystem (600, 200) to (750, 400)
[2025-09-15 20:12:27.873] [INFO] Coins added: +2. Total coins: 6
[2025-09-15 20:12:27.873] [DEBUG] Applied port compatibility: SQUARE_MESSENGER compatible=true speed=1.0 acceleration=0.0
[2025-09-15 20:12:27.873] [INFO] Packet SQUARE_MESSENGER reached intermediate system - no coins added.
[2025-09-15 20:12:28.093] [INFO] FPS: 120 | UPS: 200
[2025-09-15 20:12:28.401] [INFO] Wire path changed - updating length...
[2025-09-15 20:12:28.402] [WARNING] Original length not found for wire: null
[2025-09-15 20:12:28.402] [INFO] Wire path changed - updating length...
[2025-09-15 20:12:28.402] [WARNING] Original length not found for wire: null
[2025-09-15 20:12:28.402] [INFO] System moved - recalculating all wire lengths...
[2025-09-15 20:12:28.402] [INFO] Wire lengths recalculated. Total used: 716m
[2025-09-15 20:12:28.417] [INFO] Wire path changed - updating length...
[2025-09-15 20:12:28.417] [WARNING] Original length not found for wire: null
[2025-09-15 20:12:28.417] [INFO] Wire path changed - updating length...
[2025-09-15 20:12:28.417] [WARNING] Original length not found for wire: null
[2025-09-15 20:12:28.417] [INFO] System moved - recalculating all wire lengths...
[2025-09-15 20:12:28.417] [INFO] Wire lengths recalculated. Total used: 705m
[2025-09-15 20:12:28.430] [INFO] Wire path changed - updating length...
[2025-09-15 20:12:28.430] [WARNING] Original length not found for wire: null
[2025-09-15 20:12:28.430] [INFO] Wire path changed - updating length...
[2025-09-15 20:12:28.430] [WARNING] Original length not found for wire: null
[2025-09-15 20:12:28.430] [INFO] System moved - recalculating all wire lengths...
[2025-09-15 20:12:28.430] [INFO] Wire lengths recalculated. Total used: 683m
[2025-09-15 20:12:28.445] [INFO] Wire path changed - updating length...
[2025-09-15 20:12:28.445] [WARNING] Original length not found for wire: null
[2025-09-15 20:12:28.445] [INFO] Wire path changed - updating length...
[2025-09-15 20:12:28.445] [WARNING] Original length not found for wire: null
[2025-09-15 20:12:28.445] [INFO] System moved - recalculating all wire lengths...
[2025-09-15 20:12:28.445] [INFO] Wire lengths recalculated. Total used: 664m
[2025-09-15 20:12:28.469] [INFO] Wire path changed - updating length...
[2025-09-15 20:12:28.469] [WARNING] Original length not found for wire: null
[2025-09-15 20:12:28.469] [INFO] Wire path changed - updating length...
[2025-09-15 20:12:28.470] [WARNING] Original length not found for wire: null
[2025-09-15 20:12:28.470] [INFO] System moved - recalculating all wire lengths...
[2025-09-15 20:12:28.470] [INFO] Wire lengths recalculated. Total used: 654m
[2025-09-15 20:12:28.485] [INFO] Wire path changed - updating length...
[2025-09-15 20:12:28.485] [WARNING] Original length not found for wire: null
[2025-09-15 20:12:28.485] [INFO] Wire path changed - updating length...
[2025-09-15 20:12:28.485] [WARNING] Original length not found for wire: null
[2025-09-15 20:12:28.485] [INFO] System moved - recalculating all wire lengths...
[2025-09-15 20:12:28.485] [INFO] Wire lengths recalculated. Total used: 653m
[2025-09-15 20:12:28.496] [INFO] Wire path changed - updating length...
[2025-09-15 20:12:28.496] [WARNING] Original length not found for wire: null
[2025-09-15 20:12:28.496] [INFO] Wire path changed - updating length...
[2025-09-15 20:12:28.497] [WARNING] Original length not found for wire: null
[2025-09-15 20:12:28.497] [INFO] System moved - recalculating all wire lengths...
[2025-09-15 20:12:28.497] [INFO] Wire lengths recalculated. Total used: 656m
[2025-09-15 20:12:28.511] [INFO] Wire path changed - updating length...
[2025-09-15 20:12:28.512] [WARNING] Original length not found for wire: null
[2025-09-15 20:12:28.512] [INFO] Wire path changed - updating length...
[2025-09-15 20:12:28.512] [WARNING] Original length not found for wire: null
[2025-09-15 20:12:28.512] [INFO] System moved - recalculating all wire lengths...
[2025-09-15 20:12:28.512] [INFO] Wire lengths recalculated. Total used: 660m
[2025-09-15 20:12:28.532] [INFO] Wire path changed - updating length...
[2025-09-15 20:12:28.533] [WARNING] Original length not found for wire: null
[2025-09-15 20:12:28.533] [INFO] Wire path changed - updating length...
[2025-09-15 20:12:28.533] [WARNING] Original length not found for wire: null
[2025-09-15 20:12:28.533] [INFO] System moved - recalculating all wire lengths...
[2025-09-15 20:12:28.533] [INFO] Wire lengths recalculated. Total used: 663m
[2025-09-15 20:12:28.545] [INFO] Wire path changed - updating length...
[2025-09-15 20:12:28.545] [WARNING] Original length not found for wire: null
[2025-09-15 20:12:28.545] [INFO] Wire path changed - updating length...
[2025-09-15 20:12:28.545] [WARNING] Original length not found for wire: null
[2025-09-15 20:12:28.545] [INFO] System moved - recalculating all wire lengths...
[2025-09-15 20:12:28.545] [INFO] Wire lengths recalculated. Total used: 664m
[2025-09-15 20:12:28.568] [INFO] Wire path changed - updating length...
[2025-09-15 20:12:28.569] [WARNING] Original length not found for wire: null
[2025-09-15 20:12:28.569] [INFO] Wire path changed - updating length...
[2025-09-15 20:12:28.569] [WARNING] Original length not found for wire: null
[2025-09-15 20:12:28.569] [INFO] System moved - recalculating all wire lengths...
[2025-09-15 20:12:28.569] [INFO] Wire lengths recalculated. Total used: 665m
[2025-09-15 20:12:28.583] [INFO] Wire path changed - updating length...
[2025-09-15 20:12:28.584] [WARNING] Original length not found for wire: null
[2025-09-15 20:12:28.584] [INFO] Wire path changed - updating length...
[2025-09-15 20:12:28.584] [WARNING] Original length not found for wire: null
[2025-09-15 20:12:28.584] [INFO] System moved - recalculating all wire lengths...
[2025-09-15 20:12:28.584] [INFO] Wire lengths recalculated. Total used: 665m
[2025-09-15 20:12:28.596] [INFO] Wire path changed - updating length...
[2025-09-15 20:12:28.596] [WARNING] Original length not found for wire: null
[2025-09-15 20:12:28.596] [INFO] Wire path changed - updating length...
[2025-09-15 20:12:28.596] [WARNING] Original length not found for wire: null
[2025-09-15 20:12:28.596] [INFO] System moved - recalculating all wire lengths...
[2025-09-15 20:12:28.596] [INFO] Wire lengths recalculated. Total used: 665m
[2025-09-15 20:12:28.654] [INFO] Packet SQUARE_MESSENGER arrived at destination system
[2025-09-15 20:12:28.654] [INFO] Packet SQUARE_MESSENGER returned home.
[2025-09-15 20:12:28.654] [INFO] Packet SQUARE_MESSENGER reached END reference system! Coins added.
[2025-09-15 20:12:29.001] [INFO] Wire path changed - updating length...
[2025-09-15 20:12:29.001] [WARNING] Original length not found for wire: null
[2025-09-15 20:12:29.001] [INFO] Wire path changed - updating length...
[2025-09-15 20:12:29.001] [WARNING] Original length not found for wire: null
[2025-09-15 20:12:29.001] [INFO] System moved - recalculating all wire lengths...
[2025-09-15 20:12:29.002] [INFO] Wire lengths recalculated. Total used: 665m
[2025-09-15 20:12:29.018] [INFO] Wire path changed - updating length...
[2025-09-15 20:12:29.018] [WARNING] Original length not found for wire: null
[2025-09-15 20:12:29.018] [INFO] Wire path changed - updating length...
[2025-09-15 20:12:29.018] [WARNING] Original length not found for wire: null
[2025-09-15 20:12:29.018] [INFO] System moved - recalculating all wire lengths...
[2025-09-15 20:12:29.018] [INFO] Wire lengths recalculated. Total used: 664m
[2025-09-15 20:12:29.031] [INFO] Wire path changed - updating length...
[2025-09-15 20:12:29.032] [WARNING] Original length not found for wire: null
[2025-09-15 20:12:29.032] [INFO] Wire path changed - updating length...
[2025-09-15 20:12:29.032] [WARNING] Original length not found for wire: null
[2025-09-15 20:12:29.032] [INFO] System moved - recalculating all wire lengths...
[2025-09-15 20:12:29.032] [INFO] Wire lengths recalculated. Total used: 661m
[2025-09-15 20:12:29.045] [INFO] Wire path changed - updating length...
[2025-09-15 20:12:29.045] [WARNING] Original length not found for wire: null
[2025-09-15 20:12:29.045] [INFO] Wire path changed - updating length...
[2025-09-15 20:12:29.045] [WARNING] Original length not found for wire: null
[2025-09-15 20:12:29.045] [INFO] System moved - recalculating all wire lengths...
[2025-09-15 20:12:29.045] [INFO] Wire lengths recalculated. Total used: 653m
[2025-09-15 20:12:29.063] [INFO] Wire path changed - updating length...
[2025-09-15 20:12:29.064] [WARNING] Original length not found for wire: null
[2025-09-15 20:12:29.064] [INFO] Wire path changed - updating length...
[2025-09-15 20:12:29.064] [WARNING] Original length not found for wire: null
[2025-09-15 20:12:29.064] [INFO] System moved - recalculating all wire lengths...
[2025-09-15 20:12:29.064] [INFO] Wire lengths recalculated. Total used: 643m
[2025-09-15 20:12:29.083] [INFO] Wire path changed - updating length...
[2025-09-15 20:12:29.083] [WARNING] Original length not found for wire: null
[2025-09-15 20:12:29.083] [INFO] Wire path changed - updating length...
[2025-09-15 20:12:29.083] [WARNING] Original length not found for wire: null
[2025-09-15 20:12:29.083] [INFO] System moved - recalculating all wire lengths...
[2025-09-15 20:12:29.083] [INFO] Wire lengths recalculated. Total used: 637m
[2025-09-15 20:12:29.094] [INFO] FPS: 120 | UPS: 200
[2025-09-15 20:12:29.103] [INFO] Wire path changed - updating length...
[2025-09-15 20:12:29.103] [WARNING] Original length not found for wire: null
[2025-09-15 20:12:29.103] [INFO] Wire path changed - updating length...
[2025-09-15 20:12:29.103] [WARNING] Original length not found for wire: null
[2025-09-15 20:12:29.103] [INFO] System moved - recalculating all wire lengths...
[2025-09-15 20:12:29.103] [INFO] Wire lengths recalculated. Total used: 637m
[2025-09-15 20:12:29.114] [INFO] Wire path changed - updating length...
[2025-09-15 20:12:29.114] [WARNING] Original length not found for wire: null
[2025-09-15 20:12:29.114] [INFO] Wire path changed - updating length...
[2025-09-15 20:12:29.114] [WARNING] Original length not found for wire: null
[2025-09-15 20:12:29.114] [INFO] System moved - recalculating all wire lengths...
[2025-09-15 20:12:29.114] [INFO] Wire lengths recalculated. Total used: 640m
[2025-09-15 20:12:29.130] [INFO] Wire path changed - updating length...
[2025-09-15 20:12:29.131] [WARNING] Original length not found for wire: null
[2025-09-15 20:12:29.131] [INFO] Wire path changed - updating length...
[2025-09-15 20:12:29.131] [WARNING] Original length not found for wire: null
[2025-09-15 20:12:29.131] [INFO] System moved - recalculating all wire lengths...
[2025-09-15 20:12:29.131] [INFO] Wire lengths recalculated. Total used: 643m
[2025-09-15 20:12:29.145] [INFO] Wire path changed - updating length...
[2025-09-15 20:12:29.145] [WARNING] Original length not found for wire: null
[2025-09-15 20:12:29.145] [INFO] Wire path changed - updating length...
[2025-09-15 20:12:29.145] [WARNING] Original length not found for wire: null
[2025-09-15 20:12:29.145] [INFO] System moved - recalculating all wire lengths...
[2025-09-15 20:12:29.145] [INFO] Wire lengths recalculated. Total used: 645m
[2025-09-15 20:12:29.168] [INFO] Wire path changed - updating length...
[2025-09-15 20:12:29.168] [WARNING] Original length not found for wire: null
[2025-09-15 20:12:29.168] [INFO] Wire path changed - updating length...
[2025-09-15 20:12:29.168] [WARNING] Original length not found for wire: null
[2025-09-15 20:12:29.168] [INFO] System moved - recalculating all wire lengths...
[2025-09-15 20:12:29.168] [INFO] Wire lengths recalculated. Total used: 645m
[2025-09-15 20:12:29.184] [INFO] Wire path changed - updating length...
[2025-09-15 20:12:29.184] [WARNING] Original length not found for wire: null
[2025-09-15 20:12:29.184] [INFO] Wire path changed - updating length...
[2025-09-15 20:12:29.184] [WARNING] Original length not found for wire: null
[2025-09-15 20:12:29.184] [INFO] System moved - recalculating all wire lengths...
[2025-09-15 20:12:29.185] [INFO] Wire lengths recalculated. Total used: 646m
[2025-09-15 20:12:29.196] [INFO] Wire path changed - updating length...
[2025-09-15 20:12:29.196] [WARNING] Original length not found for wire: null
[2025-09-15 20:12:29.196] [INFO] Wire path changed - updating length...
[2025-09-15 20:12:29.196] [WARNING] Original length not found for wire: null
[2025-09-15 20:12:29.196] [INFO] System moved - recalculating all wire lengths...
[2025-09-15 20:12:29.196] [INFO] Wire lengths recalculated. Total used: 646m
[2025-09-15 20:12:29.214] [INFO] Wire path changed - updating length...
[2025-09-15 20:12:29.214] [WARNING] Original length not found for wire: null
[2025-09-15 20:12:29.214] [INFO] Wire path changed - updating length...
[2025-09-15 20:12:29.214] [WARNING] Original length not found for wire: null
[2025-09-15 20:12:29.214] [INFO] System moved - recalculating all wire lengths...
[2025-09-15 20:12:29.214] [INFO] Wire lengths recalculated. Total used: 646m
[2025-09-15 20:12:29.233] [INFO] Wire path changed - updating length...
[2025-09-15 20:12:29.233] [WARNING] Original length not found for wire: null
[2025-09-15 20:12:29.233] [INFO] Wire path changed - updating length...
[2025-09-15 20:12:29.233] [WARNING] Original length not found for wire: null
[2025-09-15 20:12:29.233] [INFO] System moved - recalculating all wire lengths...
[2025-09-15 20:12:29.233] [INFO] Wire lengths recalculated. Total used: 646m
[2025-09-15 20:12:29.245] [INFO] Wire path changed - updating length...
[2025-09-15 20:12:29.245] [WARNING] Original length not found for wire: null
[2025-09-15 20:12:29.245] [INFO] Wire path changed - updating length...
[2025-09-15 20:12:29.245] [WARNING] Original length not found for wire: null
[2025-09-15 20:12:29.245] [INFO] System moved - recalculating all wire lengths...
[2025-09-15 20:12:29.245] [INFO] Wire lengths recalculated. Total used: 646m
[2025-09-15 20:12:29.269] [INFO] Wire path changed - updating length...
[2025-09-15 20:12:29.270] [WARNING] Original length not found for wire: null
[2025-09-15 20:12:29.270] [INFO] Wire path changed - updating length...
[2025-09-15 20:12:29.270] [WARNING] Original length not found for wire: null
[2025-09-15 20:12:29.270] [INFO] System moved - recalculating all wire lengths...
[2025-09-15 20:12:29.270] [INFO] Wire lengths recalculated. Total used: 646m
[2025-09-15 20:12:29.284] [INFO] Wire path changed - updating length...
[2025-09-15 20:12:29.284] [WARNING] Original length not found for wire: null
[2025-09-15 20:12:29.284] [INFO] Wire path changed - updating length...
[2025-09-15 20:12:29.284] [WARNING] Original length not found for wire: null
[2025-09-15 20:12:29.284] [INFO] System moved - recalculating all wire lengths...
[2025-09-15 20:12:29.284] [INFO] Wire lengths recalculated. Total used: 646m
[2025-09-15 20:12:29.301] [INFO] Wire path changed - updating length...
[2025-09-15 20:12:29.301] [WARNING] Original length not found for wire: null
[2025-09-15 20:12:29.301] [INFO] Wire path changed - updating length...
[2025-09-15 20:12:29.301] [WARNING] Original length not found for wire: null
[2025-09-15 20:12:29.301] [INFO] System moved - recalculating all wire lengths...
[2025-09-15 20:12:29.301] [INFO] Wire lengths recalculated. Total used: 646m
[2025-09-15 20:12:29.314] [INFO] Wire path changed - updating length...
[2025-09-15 20:12:29.314] [WARNING] Original length not found for wire: null
[2025-09-15 20:12:29.314] [INFO] Wire path changed - updating length...
[2025-09-15 20:12:29.314] [WARNING] Original length not found for wire: null
[2025-09-15 20:12:29.314] [INFO] System moved - recalculating all wire lengths...
[2025-09-15 20:12:29.314] [INFO] Wire lengths recalculated. Total used: 646m
[2025-09-15 20:12:29.335] [INFO] Wire path changed - updating length...
[2025-09-15 20:12:29.335] [WARNING] Original length not found for wire: null
[2025-09-15 20:12:29.335] [INFO] Wire path changed - updating length...
[2025-09-15 20:12:29.335] [WARNING] Original length not found for wire: null
[2025-09-15 20:12:29.335] [INFO] System moved - recalculating all wire lengths...
[2025-09-15 20:12:29.335] [INFO] Wire lengths recalculated. Total used: 647m
[2025-09-15 20:12:29.346] [INFO] Wire path changed - updating length...
[2025-09-15 20:12:29.346] [WARNING] Original length not found for wire: null
[2025-09-15 20:12:29.346] [INFO] Wire path changed - updating length...
[2025-09-15 20:12:29.346] [WARNING] Original length not found for wire: null
[2025-09-15 20:12:29.346] [INFO] System moved - recalculating all wire lengths...
[2025-09-15 20:12:29.346] [INFO] Wire lengths recalculated. Total used: 646m
[2025-09-15 20:12:29.486] [INFO] === MANUAL PACKET SPAWN REQUESTED ===
[2025-09-15 20:12:29.486] [INFO] Found available spawner: dev.aminhashemi.blueprinthell.model.entities.systems.ReferenceSystem@5bf391aa with connected outputs
[2025-09-15 20:12:29.486] [INFO] Available spawners: 1
[2025-09-15 20:12:29.486] [INFO] Selected spawner: dev.aminhashemi.blueprinthell.model.entities.systems.ReferenceSystem@5bf391aa
[2025-09-15 20:12:29.486] [INFO] Connected outputs: 1
[2025-09-15 20:12:29.486] [INFO] Selected port: SQUARE
[2025-09-15 20:12:29.486] [INFO] Packet SQUARE_MESSENGER spawned with spawn protection. Total packets: 1
[2025-09-15 20:12:29.486] [INFO] Packet path has 2 points
[2025-09-15 20:12:29.486] [INFO] === PACKET SPAWNED: SQUARE_MESSENGER ===
[2025-09-15 20:12:29.486] [INFO] Spawn cooldown active - skipping spawn request
[2025-09-15 20:12:29.963] [INFO] Wire path changed - updating length...
[2025-09-15 20:12:29.963] [WARNING] Original length not found for wire: null
[2025-09-15 20:12:29.963] [INFO] Wire path changed - updating length...
[2025-09-15 20:12:29.963] [WARNING] Original length not found for wire: null
[2025-09-15 20:12:29.963] [INFO] System moved - recalculating all wire lengths...
[2025-09-15 20:12:29.963] [INFO] Wire lengths recalculated. Total used: 645m
[2025-09-15 20:12:29.983] [INFO] Wire path changed - updating length...
[2025-09-15 20:12:29.983] [WARNING] Original length not found for wire: null
[2025-09-15 20:12:29.983] [INFO] Wire path changed - updating length...
[2025-09-15 20:12:29.983] [WARNING] Original length not found for wire: null
[2025-09-15 20:12:29.983] [INFO] System moved - recalculating all wire lengths...
[2025-09-15 20:12:29.983] [INFO] Wire lengths recalculated. Total used: 638m
[2025-09-15 20:12:29.996] [INFO] Wire path changed - updating length...
[2025-09-15 20:12:29.997] [WARNING] Original length not found for wire: null
[2025-09-15 20:12:29.997] [INFO] Wire path changed - updating length...
[2025-09-15 20:12:29.997] [WARNING] Original length not found for wire: null
[2025-09-15 20:12:29.997] [INFO] System moved - recalculating all wire lengths...
[2025-09-15 20:12:29.997] [INFO] Wire lengths recalculated. Total used: 622m
[2025-09-15 20:12:30.011] [INFO] Wire path changed - updating length...
[2025-09-15 20:12:30.011] [WARNING] Original length not found for wire: null
[2025-09-15 20:12:30.011] [INFO] Wire path changed - updating length...
[2025-09-15 20:12:30.011] [WARNING] Original length not found for wire: null
[2025-09-15 20:12:30.011] [INFO] System moved - recalculating all wire lengths...
[2025-09-15 20:12:30.011] [INFO] Wire lengths recalculated. Total used: 612m
[2025-09-15 20:12:30.030] [INFO] Wire path changed - updating length...
[2025-09-15 20:12:30.030] [WARNING] Original length not found for wire: null
[2025-09-15 20:12:30.030] [INFO] Wire path changed - updating length...
[2025-09-15 20:12:30.030] [WARNING] Original length not found for wire: null
[2025-09-15 20:12:30.030] [INFO] System moved - recalculating all wire lengths...
[2025-09-15 20:12:30.030] [INFO] Wire lengths recalculated. Total used: 612m
[2025-09-15 20:12:30.044] [INFO] Wire path changed - updating length...
[2025-09-15 20:12:30.044] [WARNING] Original length not found for wire: null
[2025-09-15 20:12:30.045] [INFO] Wire path changed - updating length...
[2025-09-15 20:12:30.045] [WARNING] Original length not found for wire: null
[2025-09-15 20:12:30.045] [INFO] System moved - recalculating all wire lengths...
[2025-09-15 20:12:30.045] [INFO] Wire lengths recalculated. Total used: 614m
[2025-09-15 20:12:30.064] [INFO] Wire path changed - updating length...
[2025-09-15 20:12:30.064] [WARNING] Original length not found for wire: null
[2025-09-15 20:12:30.064] [INFO] Wire path changed - updating length...
[2025-09-15 20:12:30.064] [WARNING] Original length not found for wire: null
[2025-09-15 20:12:30.064] [INFO] System moved - recalculating all wire lengths...
[2025-09-15 20:12:30.064] [INFO] Wire lengths recalculated. Total used: 618m
[2025-09-15 20:12:30.078] [INFO] Wire path changed - updating length...
[2025-09-15 20:12:30.078] [WARNING] Original length not found for wire: null
[2025-09-15 20:12:30.078] [INFO] Wire path changed - updating length...
[2025-09-15 20:12:30.078] [WARNING] Original length not found for wire: null
[2025-09-15 20:12:30.078] [INFO] System moved - recalculating all wire lengths...
[2025-09-15 20:12:30.078] [INFO] Wire lengths recalculated. Total used: 621m
[2025-09-15 20:12:30.095] [INFO] Wire path changed - updating length...
[2025-09-15 20:12:30.096] [WARNING] Original length not found for wire: null
[2025-09-15 20:12:30.096] [INFO] Wire path changed - updating length...
[2025-09-15 20:12:30.096] [WARNING] Original length not found for wire: null
[2025-09-15 20:12:30.096] [INFO] System moved - recalculating all wire lengths...
[2025-09-15 20:12:30.096] [INFO] Wire lengths recalculated. Total used: 623m
[2025-09-15 20:12:30.213] [INFO] Wire path changed - updating length...
[2025-09-15 20:12:30.213] [WARNING] Original length not found for wire: null
[2025-09-15 20:12:30.213] [INFO] Wire path changed - updating length...
[2025-09-15 20:12:30.213] [WARNING] Original length not found for wire: null
[2025-09-15 20:12:30.213] [INFO] System moved - recalculating all wire lengths...
[2025-09-15 20:12:30.213] [INFO] Wire lengths recalculated. Total used: 623m
[2025-09-15 20:12:31.633] [INFO] === MANUAL PACKET SPAWN REQUESTED ===
[2025-09-15 20:12:31.633] [INFO] Found available spawner: dev.aminhashemi.blueprinthell.model.entities.systems.ReferenceSystem@5bf391aa with connected outputs
[2025-09-15 20:12:31.633] [INFO] Available spawners: 1
[2025-09-15 20:12:31.633] [INFO] Selected spawner: dev.aminhashemi.blueprinthell.model.entities.systems.ReferenceSystem@5bf391aa
[2025-09-15 20:12:31.633] [INFO] Connected outputs: 1
[2025-09-15 20:12:31.633] [INFO] Selected port: SQUARE
[2025-09-15 20:12:31.633] [INFO] Packet SQUARE_MESSENGER spawned with spawn protection. Total packets: 2
[2025-09-15 20:12:31.633] [INFO] Packet path has 2 points
[2025-09-15 20:12:31.633] [INFO] === PACKET SPAWNED: SQUARE_MESSENGER ===
[2025-09-15 20:12:31.633] [INFO] Spawn cooldown active - skipping spawn request
[2025-09-15 20:12:36.456] [INFO] === MANUAL PACKET SPAWN REQUESTED ===
[2025-09-15 20:12:36.456] [INFO] Found available spawner: dev.aminhashemi.blueprinthell.model.entities.systems.ReferenceSystem@5bf391aa with connected outputs
[2025-09-15 20:12:36.456] [INFO] Available spawners: 1
[2025-09-15 20:12:36.456] [INFO] Selected spawner: dev.aminhashemi.blueprinthell.model.entities.systems.ReferenceSystem@5bf391aa
[2025-09-15 20:12:36.456] [INFO] Connected outputs: 1
[2025-09-15 20:12:36.456] [INFO] Selected port: SQUARE
[2025-09-15 20:12:36.456] [INFO] Packet SQUARE_MESSENGER spawned with spawn protection. Total packets: 3
[2025-09-15 20:12:36.456] [INFO] Packet path has 2 points
[2025-09-15 20:12:36.456] [INFO] === PACKET SPAWNED: SQUARE_MESSENGER ===
[2025-09-15 20:12:36.456] [INFO] Spawn cooldown active - skipping spawn request
[2025-09-15 20:12:36.597] [INFO] Spawn cooldown active - skipping spawn request
[2025-09-15 20:12:36.597] [INFO] Spawn cooldown active - skipping spawn request
